Produit,Cat√©gorie
COCOA ORANGE,Fruits & L√©gumes
CROWNFIELD PREMIUM FRUIT AND NUT MUESLI,Fruits & L√©gumes
CR√àME YAOURT BRASS√â üçã,Fruits & L√©gumes
ASSAISONNEMENT AROMATISE AU CITRON,Fruits & L√©gumes
BIO KNUSPER M√úSLI FR√úCHTE,Fruits & L√©gumes
PERLY FA√áON TARTE AUX FRAISES,Fruits & L√©gumes
SOFT PITTED DATES,Fruits & L√©gumes
COMPOTE POMME NATURE,Fruits & L√©gumes
JUS JOKER MULTIFRUIT,Fruits & L√©gumes
GREEK FETA,Fruits & L√©gumes
DATTELN,Fruits & L√©gumes
SOFT DATES,Fruits & L√©gumes
PRUNEAUX D'AGEN D√âNOYAUT√âS,Fruits & L√©gumes
ANANAS. ST√úCKE,Fruits & L√©gumes
BIO ET √âQUITABLE,Fruits & L√©gumes
APFELSAFT AUS APFELSAFTKONZENTRAT,Fruits & L√©gumes
PI√ëA EN SU JUGO,Fruits & L√©gumes
CONCENTR√â DE TOMATES AICHA,Fruits & L√©gumes
TOMATES CERISES ALLONG√âES,Fruits & L√©gumes
AICHA TOMATO PASTE,Fruits & L√©gumes
CHOPPED TOMATOES,Fruits & L√©gumes
CREMA DE CACAHUETE,Fruits & L√©gumes
ITALIAN TOMATO PUR√âE DOUBLE CONCENTRATE,Fruits & L√©gumes
ITALIAN CHOPPED TOMATOES,Fruits & L√©gumes
CAROTTES R√ÇP√âES,Fruits & L√©gumes
CHOPPED TOMATOES,Fruits & L√©gumes
AUBERGINES CUISIN√âES √Ä LA PROVEN√áALE,Fruits & L√©gumes
COURGETTES CUISIN√âES √Ä LA PROVEN√áALE,Fruits & L√©gumes
PASSIERTE TOMATE,Fruits & L√©gumes
CHOPPED TOMATOES,Fruits & L√©gumes
SOLIS,Fruits & L√©gumes
CAROTTES R√ÇP√âES √Ä LA CIBOULETTE,Fruits & L√©gumes
HARICOTS VERTS 100G ENVIRON 25 CAL,Fruits & L√©gumes
ITALIAN CHOPPED TOMATOES IN TOMATO JUICE,Fruits & L√©gumes
BATCHELORS : MUSHY ORIGINAL,Fruits & L√©gumes
GESCH√ÑLTE TOMATEN,Fruits & L√©gumes
CHOPPED TOMATOES,Fruits & L√©gumes
SIDI ALI,Boissons
SIDI ALI,Boissons
EAU MIN√âRALE NATURELLE,Boissons
CRISTALINE EAU DE SOURCE 1.5L,Boissons
AIN SA√èSS,Boissons
EAU MIN√âRAL NATURELLE,Boissons
6111035000027,Boissons
ORIGINAL TASTE,Boissons
OULMES NATURAL CARBONATED WATER,Boissons
ORANGE JUICE,Boissons
AIN SAISS EAU MINERALE NATURELLE,Boissons
AIN ATLAS,Boissons
AIN ATLAS,Boissons
GER√ñSTETE MANDEL OHNE ZUCKER,Boissons
CRISTALINE EAU DE SOURCE 0.5L,Boissons
BTE 33CL SLIM COCA COLA,Boissons
CIEL,Boissons
FILETS DE MAQUEREAU,Poisson & Fruits de mer
SARDINES HUILE D'OLIVE VIERGE EXTRA,Poisson & Fruits de mer
JOLY THON ENTIER,Poisson & Fruits de mer
ATUN C / TOMATE ISABEL,Poisson & Fruits de mer
MIETTES DE MAQUEREAUX,Poisson & Fruits de mer
THON JOLY,Poisson & Fruits de mer
PLAIN SARDINES,Poisson & Fruits de mer
TAM THON ENTIER A L'HUILE,Poisson & Fruits de mer
FILETS DE MAQUEREAUX AU VIN BLANC,Poisson & Fruits de mer
FILET DE MAQUEREAUX AU NATUREL,Poisson & Fruits de mer
THON ENTIER AU NATUREL ALBACORE,Poisson & Fruits de mer
FILETS DE MAQUEREAUX √Ä LA MOUTARDE,Poisson & Fruits de mer
FILETS DE MAQUEREAUX GRILL√âS NATURES,Poisson & Fruits de mer
AT√öN CLARO EN ACEITE DE OLIVA,Poisson & Fruits de mer
CABILLAUD SAUCE CITRON RIZ AUX PETITS L√âGUMES,Poisson & Fruits de mer
OMAR,Poisson & Fruits de mer
COD FISH FINGERS,Poisson & Fruits de mer
LE MOELLEUX,Poisson & Fruits de mer
FILETS DE MAQUEREAU,Poisson & Fruits de mer
SARDINES HUILE D'OLIVE VIERGE EXTRA,Poisson & Fruits de mer
ATUN,Poisson & Fruits de mer
JOLY THON ENTIER,Poisson & Fruits de mer
ATUN C / TOMATE ISABEL,Poisson & Fruits de mer
MIETTES DE MAQUEREAUX,Poisson & Fruits de mer
THON JOLY,Poisson & Fruits de mer
PLAIN SARDINES,Poisson & Fruits de mer
TAM THON ENTIER A L'HUILE,Poisson & Fruits de mer
FILETS DE MAQUEREAUX AU VIN BLANC,Poisson & Fruits de mer
FILET DE MAQUEREAUX AU NATUREL,Poisson & Fruits de mer
THON ENTIER AU NATUREL ALBACORE,Poisson & Fruits de mer
FILETS DE MAQUEREAUX √Ä LA MOUTARDE,Poisson & Fruits de mer
FILETS DE MAQUEREAUX GRILL√âS NATURES,Poisson & Fruits de mer
AT√öN CLARO EN ACEITE DE OLIVA,Poisson & Fruits de mer
CABILLAUD SAUCE CITRON RIZ AUX PETITS L√âGUMES,Poisson & Fruits de mer
COD FISH FINGERS,Poisson & Fruits de mer
LE MOELLEUX,Poisson & Fruits de mer
THON A LHUILE,Poisson & Fruits de mer
PRINCE GO√õT CHOCOLAT,√âpicerie sucr√©e
EXCELLENCE NOIR PRODIGIEUX 90% CACAO,√âpicerie sucr√©e
EXCELLENCE 70% COCOA INTENSE DARK,√âpicerie sucr√©e
TONIK,√âpicerie sucr√©e
S√âSAME,√âpicerie sucr√©e
ZERO SIN AZ√öCARES FIBRA,√âpicerie sucr√©e
EXCELLENCE 85% CACAO RICH DARK,√âpicerie sucr√©e
DARK CHOCOLATE 85% COCOA,√âpicerie sucr√©e
HENRY‚ÄôS,√âpicerie sucr√©e
ORGANIC 70% DARK CHOCOLATE BAR,√âpicerie sucr√©e
KING COOKIES,√âpicerie sucr√©e
SABLE COCO HENRY S 42G,√âpicerie sucr√©e
EXCELLENCE NOIR INTENSE 70% CACAO,√âpicerie sucr√©e
DARK CHOCOLATE,√âpicerie sucr√©e
EXCELLENCE NOIR PUISSANT 85% CACAO,√âpicerie sucr√©e
FOURR√âS CHOCOLAT NOIR,√âpicerie sucr√©e
EXTRA DARK CHOCOLATE 74% CACAO,√âpicerie sucr√©e
HENRY‚ÄôS,√âpicerie sucr√©e
MOMO BLACK,√âpicerie sucr√©e
TONIK,√âpicerie sucr√©e
DARK CHOCOLATE,√âpicerie sucr√©e
DALAA 550 FEUILLES,√âpicerie sucr√©e
GRANATAPFEL SAUERKIRSCHE FRUCHTGUMMI,√âpicerie sucr√©e
TOFFIFEE,√âpicerie sucr√©e
EXCELLENCE √Ä LA POINTE DE FLEUR DE SEL NOIR,√âpicerie sucr√©e
KINDER BUENO WHITE,√âpicerie sucr√©e
CHOCOLATE,√âpicerie sucr√©e
PEANUT,√âpicerie sucr√©e
TOBLERONE,√âpicerie sucr√©e
TONIK,√âpicerie sucr√©e
COCO SPECIALTY,√âpicerie sucr√©e
FERRERO ROCHER,√âpicerie sucr√©e
CHOCAO ENERGIE,√âpicerie sucr√©e
KINDER COUNTRY,√âpicerie sucr√©e
EXTREM,√âpicerie sucr√©e
KINDER BUENO,√âpicerie sucr√©e
LIGHTLY SEA SALTED,√âpicerie sal√©e
ORIGINAL,√âpicerie sal√©e
SOUR CREAM & ONION,√âpicerie sal√©e
CHIPS,√âpicerie sal√©e
PRINGLES SARE,√âpicerie sal√©e
PRINGLES ORIGINAL,√âpicerie sal√©e
LIGHTLY SALTED LOW FAT CORN CAKES,√âpicerie sal√©e
KRIT KRITITAS GALLETAS SALADAS,√âpicerie sal√©e
–ö–ê–†–¢–û–§–ï–õ–¨–ù–´–ï –ß–ò–ü–°–´ –°–û –í–ö–£–°–û–ú –ü–ê–†–ò–ö–ò,√âpicerie sal√©e
PRINGLES ORIGINAL,√âpicerie sal√©e
LENTIL & PEA VEGGIE CAKES - BEETROOT & BALSAMIC,√âpicerie sal√©e
PRINGLES,√âpicerie sal√©e
SEA SALT & CIDER VINEGAR CHIPS,√âpicerie sal√©e
SOUR CREAM & ONION,√âpicerie sal√©e
PROPERCHIPS SEA SALT LENTIL CHIPS,√âpicerie sal√©e
PRINGLES ORIGINAL,√âpicerie sal√©e
THE ORIGINAL CRUNCHY RYE BREADS,√âpicerie sal√©e
SUPER SEEDED OATCAKES,√âpicerie sal√©e
CHIPS DE LENTILLES SAVEUR FINES HERBES,√âpicerie sal√©e
MULTIGRAIN CRUNCHY RYE BREADS,√âpicerie sal√©e
PORK SAUSAGES,Viandes & Charcuterie
BLANC DE POULET,Viandes & Charcuterie
NO ARTIFICIAL ADDITIVES 6 PORK SAUSAGES,Viandes & Charcuterie
LE SUP√âRIEUR - √Ä L'ETOUFF√âE - CONSERVATION SANS NITRITE,Viandes & Charcuterie
LE SUP√âRIEUR -25% DE SEL - CONSERVATION SANS NITRITE,Viandes & Charcuterie
PECHUGA DE PAVO COCIDA 92%,Viandes & Charcuterie
UNSMOKED BACK BACON RASHERS,Viandes & Charcuterie
HERTA BLANC POULET NATURE CONSERVATION SANS NITRITE X4 -140G,Viandes & Charcuterie
R√îTI DE POULET - 100% FILET,Viandes & Charcuterie
ZERO NITRITE - LE SUPERIEUR,Viandes & Charcuterie
JAM√ìN COCIDO NATURAL,Viandes & Charcuterie
PECHUGA PAVO  FINAS LONCHAS,Viandes & Charcuterie
HERTA LARDONS FUM√âS CONSERVATION SANS NITRITE - 2X75G,Viandes & Charcuterie
LINCOLNSHIRE SAUSAGES,Viandes & Charcuterie
JAM√ìN COCIDO EXTRA,Viandes & Charcuterie
PECHUGA DE PAVO AL CORTE,Viandes & Charcuterie
RILLETTES DU MANS - LA V√âRITABLE,Viandes & Charcuterie
AIGUILLETTES DE POULET ROTI,Viandes & Charcuterie
JAMON SERRANO,Viandes & Charcuterie
FUET ESPETEC EXTRA,Viandes & Charcuterie
HERTA LE BON PARIS JAMBON √Ä L'√âTOUFF√âE SANS NITRITE X4-140G,Viandes & Charcuterie
PORK SAUSAGES,Viandes & Charcuterie
HERTA KNACKI VEGGIE SAUCISSES V√âG√âTALES X6 -210G,Viandes & Charcuterie
NO ARTIFICIAL ADDITIVES 6 PORK SAUSAGES,Viandes & Charcuterie
LE SUP√âRIEUR - √Ä L'ETOUFF√âE - CONSERVATION SANS NITRITE,Viandes & Charcuterie
LE SUP√âRIEUR -25% DE SEL - CONSERVATION SANS NITRITE,Viandes & Charcuterie
HERTA LE BON PARIS JAMBON SEL R√âDUIT SANS NITRITE X4-140G,Viandes & Charcuterie
BLANC DE POULET 100% FILET,Viandes & Charcuterie
BLANC DE POULET  - 25% DE SEL*,Viandes & Charcuterie
FILET DE POULET üêî R√îTI,Viandes & Charcuterie
HERTA LE BON PARIS JAMBON √Ä L'√âTOUFF√âE X4 -170G,Viandes & Charcuterie
HERTA BLANC POULET NATURE CONSERVATION SANS NITRITE X4 -140G,Viandes & Charcuterie
R√îTI DE POULET - 100% FILET,Viandes & Charcuterie
LUNCHEON,Viandes & Charcuterie
ZERO NITRITE - LE SUPERIEUR,Viandes & Charcuterie
JAM√ìN COCIDO NATURAL,Viandes & Charcuterie
PECHUGA PAVO  FINAS LONCHAS,Viandes & Charcuterie
CHICKEN ITALIA CHIPOLATAS,Viandes & Charcuterie
HERTA LARDONS FUM√âS CONSERVATION SANS NITRITE - 2X75G,Viandes & Charcuterie
LINCOLNSHIRE SAUSAGES,Viandes & Charcuterie
PERLY,Produits laitiers
LAIT,Produits laitiers
FROMAGE BLANC NATURE,Produits laitiers
LAIT ENTIER UHT,Produits laitiers
JBEN,Produits laitiers
MARMITE YEAST EXTRACT,Produits laitiers
LAIT FRAIS,Produits laitiers
YAOURT NATURE,Produits laitiers
CHEDDAR,Produits laitiers
ASSIL,Produits laitiers
SALIM,Produits laitiers
CREMY,Produits laitiers
CREAM CHEESE,Produits laitiers
SPREADABLE SLIGHTLY SALTED,Produits laitiers
JAMILA,Produits laitiers
LAIT U.H.T ENTIER,Produits laitiers
FAMILIA 200G,Produits laitiers
PERLY,Produits laitiers
FROMAGE BLANC NATURE,Produits laitiers
JBEN,Produits laitiers
CHEDDAR,Produits laitiers
CREAM CHEESE,Produits laitiers
SKYR NATURE 0%,Produits laitiers
JEBLI,Produits laitiers
FRESH SQUARE 0% - PLAIN,Produits laitiers
PHILADELPHIA,Produits laitiers
CARR√â FRAIS - NATURE,Produits laitiers
TRANCHES AU GO√õT CHEDDAR,Produits laitiers
PAYSAN BRETON - LE FROMAGE FOUETT√â MADAME LO√èK - NATURE AU SEL DE GU√âRANDE,Produits laitiers
KIRI CARR√â 8P,Produits laitiers
PERLY FROMAGE,Produits laitiers
ST M√îRET,Produits laitiers
COULOMMIERS DOUX ET CR√âMEUX,Produits laitiers
CAPRICE DES DIEUX,Produits laitiers
LE GO√õT PRIMEUR FORMAT FAMILIAL,Produits laitiers
LAIT,Produits laitiers
LAIT ENTIER UHT,Produits laitiers
LAIT FRAIS,Produits laitiers
SALIM,Produits laitiers
LAIT U.H.T ENTIER,Produits laitiers
LAIT ENTIER UHT,Produits laitiers
GER√ñSTETE MANDEL,Produits laitiers
LBEN CARTON PASTEURISER,Produits laitiers
LE BON LAIT,Produits laitiers
LE LAIT DEMI √âCR√âM√â,Produits laitiers
LAIT FRAIS 15 JOURS,Produits laitiers
SALIM,Produits laitiers
CROISSANCE R√âDUIT EN SUCRE,Produits laitiers
JIBAL,Produits laitiers
SEMI-SKIMMED 1.8% FAT MILK,Produits laitiers
ALBANE,Produits laitiers
RAIBI JAMILA,Produits laitiers
HERTA P√ÇTE √Ä PIZZA FINE ET RECTANGULAIRE 390G,Boulangerie & P√¢tisserie
HERTA P√ÇTE √Ä PIZZA FINE ET RONDE 265G,Boulangerie & P√¢tisserie
PAN INTEGRAL DE MOLDE SIN CORTEZA,Boulangerie & P√¢tisserie
KALAMATA OLIVE BLOOMER,Boulangerie & P√¢tisserie
PIZZA DOUGH ORIGINAL,Boulangerie & P√¢tisserie
HOT CROSS BUNS,Boulangerie & P√¢tisserie
P√ÇTE √Ä PIZZA,Boulangerie & P√¢tisserie
DOUGH BALLS,Boulangerie & P√¢tisserie
P√ÇTE √Ä PIZZA,Boulangerie & P√¢tisserie
WAITROSE SEEDED TORTILLA WRAPS,Boulangerie & P√¢tisserie
PRE-ROLLED PIZZA DOUGH,Boulangerie & P√¢tisserie
FLAMED BAKED PIZZA BASED,Boulangerie & P√¢tisserie
MASA FRESCA PIZZA,Boulangerie & P√¢tisserie
GRAHAM DE VEL PITAT,Boulangerie & P√¢tisserie
SCH√ÑR MEISTERB√ÑCKERS CLASSIC MIT SAUERTEIG 8008698027400 GLUTENFREIES WEISSES SCHNITTBROT,Boulangerie & P√¢tisserie
P√ÇTE √Ä PIZZA PR√äTE √Ä D√âROULER,Boulangerie & P√¢tisserie
HERTA P√ÇTE √Ä PIZZA EPAISSE ET RONDE 450G,Boulangerie & P√¢tisserie
PATE √Ä PIZZA XXL FINE&RECTANGULAIRE,Boulangerie & P√¢tisserie
PRINCE GO√õT CHOCOLAT,Boulangerie & P√¢tisserie
TONIK,Boulangerie & P√¢tisserie
S√âSAME,Boulangerie & P√¢tisserie
ZERO SIN AZ√öCARES FIBRA,Boulangerie & P√¢tisserie
HENRY‚ÄôS,Boulangerie & P√¢tisserie
KING COOKIES,Boulangerie & P√¢tisserie
SABLE COCO HENRY S 42G,Boulangerie & P√¢tisserie
FOURR√âS CHOCOLAT NOIR,Boulangerie & P√¢tisserie
HENRY‚ÄôS,Boulangerie & P√¢tisserie
MOMO BLACK,Boulangerie & P√¢tisserie
BISCUITS CROQUANTS AU COEUR ONCTUEUX DE NUTELLA¬Æ,Boulangerie & P√¢tisserie
EYOO COVER,Boulangerie & P√¢tisserie
POMME üçè üçé NOISETTEü•ú,Boulangerie & P√¢tisserie
2 BARS MILK AND HAZELNUTS,Boulangerie & P√¢tisserie
FIGUE & SON,Boulangerie & P√¢tisserie
PETIT BEURRE,Boulangerie & P√¢tisserie
KING COOKIES CHOCO,Boulangerie & P√¢tisserie
GRANOLA,Boulangerie & P√¢tisserie
HENRY'S SABLE COCO BISCUIT 85G,Boulangerie & P√¢tisserie
BISCUIT RAISINS,Boulangerie & P√¢tisserie
100% MIE COMPLET 500G,Surgel√©s
COCA-COLA ORIGINAL TASTE,Surgel√©s
HARRYS PAIN DE MIE 100% MIE NATURE SANS CROUTE 500G,Surgel√©s
PAIN DE MIE AMERICAN SANDWICH COMPLET SANS SUCRES AJOUT√âS 600G,Surgel√©s
HARRYS BEAU & BON PAIN DE MIE FARINE DE BLE CEREALES & GRAINES 320G,Surgel√©s
VANILLA ICE CREAM,Surgel√©s
"CRISPY MINIS CHOCO, C√âR√âALES DE BL√â COMPLET ENRICHIES EN VITAMINES ET EN FER AVEC DU CHOCOLAT",Surgel√©s
COUNTRY CRISP 4 BAIES,Surgel√©s
BISCOTTES SANS SEL ET SANS SUCRE AJOUT√âS,Surgel√©s
PAIN DE MIE AMERICAN SANDWICH RUSTIQUE SANS SUCRES AJOUT√âS 500G,Surgel√©s
LEERDAMMER ORIGINAL 8 TRANCHES 200G,Surgel√©s
NOISETTA,Surgel√©s
BISCUITS GERME DE BL√â ET P√âPITES DE CHOCOLAT,Surgel√©s
BEAU & BON PAIN DE MIE COMPLET LIN TOURNESOL 320G,Surgel√©s
90G FERRERO ROCHER TABLETTE LT,Surgel√©s
LUSTUCRU GNOCCHI A PO√äLER FORMAT XXL 720G,Surgel√©s
LES TRANCHES V√âG√â HARICOTS BLANCS,Surgel√©s
ICE TEA, Boissons
FROMAGE PRODUIT LAITIERS, Produit LAITIERS
BIO ORGANIC OAT FLAKES, EpicerieA√èN SOLTANE;Fruits & L√©gumes
–°–£–®–ï–ù–ò –ò –ó–ê–•–ê–†–û–°–ê–ù–ò –ë–û–†–û–í–ò–ù–ö–ò;Fruits & L√©gumes
COCOA ORANGE;Fruits & L√©gumes
CROWNFIELD PREMIUM FRUIT AND NUT MUESLI;Fruits & L√©gumes
CR√àME YAOURT BRASS√â üçã;Fruits & L√©gumes
ASSAISONNEMENT AROMATISE AU CITRON;Fruits & L√©gumes
BIO KNUSPER M√úSLI FR√úCHTE;Fruits & L√©gumes
PERLY FA√áON TARTE AUX FRAISES;Fruits & L√©gumes
SOFT PITTED DATES;Fruits & L√©gumes
COMPOTE POMME NATURE;Fruits & L√©gumes
JUS JOKER MULTIFRUIT;Fruits & L√©gumes
GREEK FETA;Fruits & L√©gumes
DATTELN;Fruits & L√©gumes
SOFT DATES;Fruits & L√©gumes
PRUNEAUX D'AGEN D√âNOYAUT√âS;Fruits & L√©gumes
ANANAS. ST√úCKE;Fruits & L√©gumes
BIO ET √âQUITABLE;Fruits & L√©gumes
APFELSAFT AUS APFELSAFTKONZENTRAT;Fruits & L√©gumes
PI√ëA EN SU JUGO;Fruits & L√©gumes
CONCENTR√â DE TOMATES AICHA;Fruits & L√©gumes
TOMATES CERISES ALLONG√âES;Fruits & L√©gumes
AICHA TOMATO PASTE;Fruits & L√©gumes
CHOPPED TOMATOES;Fruits & L√©gumes
CREMA DE CACAHUETE;Fruits & L√©gumes
ITALIAN TOMATO PUR√âE DOUBLE CONCENTRATE;Fruits & L√©gumes
ITALIAN CHOPPED TOMATOES;Fruits & L√©gumes
CAROTTES R√ÇP√âES;Fruits & L√©gumes
CHOPPED TOMATOES;Fruits & L√©gumes
AUBERGINES CUISIN√âES √Ä LA PROVEN√áALE;Fruits & L√©gumes
COURGETTES CUISIN√âES √Ä LA PROVEN√áALE;Fruits & L√©gumes
PASSIERTE TOMATE;Fruits & L√©gumes
CHOPPED TOMATOES;Fruits & L√©gumes
SOLIS;Fruits & L√©gumes
CAROTTES R√ÇP√âES √Ä LA CIBOULETTE;Fruits & L√©gumes
HARICOTS VERTS 100G ENVIRON 25 CAL;Fruits & L√©gumes
ITALIAN CHOPPED TOMATOES IN TOMATO JUICE;Fruits & L√©gumes
BATCHELORS : MUSHY ORIGINAL;Fruits & L√©gumes
GESCH√ÑLTE TOMATEN;Fruits & L√©gumes
CHOPPED TOMATOES;Fruits & L√©gumes
SIDI ALI;Boissons
SIDI ALI;Boissons
EAU MIN√âRALE NATURELLE;Boissons
ÿßŸÉŸàÿßŸÅŸäŸÜÿß;Boissons
EAU DE SOURCE;Boissons
AIN SA√èSS;Boissons
EAU MIN√âRAL NATURELLE;Boissons
6111035000027;Boissons
ORIGINAL TASTE;Boissons
ÿßŸÉŸàÿßŸÅŸäŸÜÿß;Boissons
OULMES NATURAL CARBONATED WATER;Boissons
ORANGE JUICE;Boissons
AIN SAISS EAU MINERALE NATURELLE;Boissons
AIN ATLAS;Boissons
AIN ATLAS;Boissons
GER√ñSTETE MANDEL OHNE ZUCKER;Boissons
CRISTALINE EAU DE SOURCE 0.5L;Boissons
BTE 33CL SLIM COCA COLA;Boissons
CIEL;Boissons
FILETS DE MAQUEREAU;Poisson & Fruits de mer
SARDINES HUILE D'OLIVE VIERGE EXTRA;Poisson & Fruits de mer
ATUN;Poisson & Fruits de mer
JOLY THON ENTIER;Poisson & Fruits de mer
ATUN C / TOMATE ISABEL;Poisson & Fruits de mer
MIETTES DE MAQUEREAUX;Poisson & Fruits de mer
THON JOLY;Poisson & Fruits de mer
PLAIN SARDINES;Poisson & Fruits de mer
TAM THON ENTIER A L'HUILE;Poisson & Fruits de mer
FILETS DE MAQUEREAUX AU VIN BLANC;Poisson & Fruits de mer
FILET DE MAQUEREAUX AU NATUREL;Poisson & Fruits de mer
THON ENTIER AU NATUREL ALBACORE;Poisson & Fruits de mer
FILETS DE MAQUEREAUX √Ä LA MOUTARDE;Poisson & Fruits de mer
FILETS DE MAQUEREAUX GRILL√âS NATURES;Poisson & Fruits de mer
AT√öN CLARO EN ACEITE DE OLIVA;Poisson & Fruits de mer
CABILLAUD SAUCE CITRON RIZ AUX PETITS L√âGUMES;Poisson & Fruits de mer
OMAR;Poisson & Fruits de mer
COD FISH FINGERS;Poisson & Fruits de mer
LE MOELLEUX;Poisson & Fruits de mer
FILETS DE MAQUEREAU;Poisson & Fruits de mer
SARDINES HUILE D'OLIVE VIERGE EXTRA;Poisson & Fruits de mer
ATUN;Poisson & Fruits de mer
JOLY THON ENTIER;Poisson & Fruits de mer
ATUN C / TOMATE ISABEL;Poisson & Fruits de mer
MIETTES DE MAQUEREAUX;Poisson & Fruits de mer
THON JOLY;Poisson & Fruits de mer
PLAIN SARDINES;Poisson & Fruits de mer
TAM THON ENTIER A L'HUILE;Poisson & Fruits de mer
FILETS DE MAQUEREAUX AU VIN BLANC;Poisson & Fruits de mer
FILET DE MAQUEREAUX AU NATUREL;Poisson & Fruits de mer
THON ENTIER AU NATUREL ALBACORE;Poisson & Fruits de mer
FILETS DE MAQUEREAUX √Ä LA MOUTARDE;Poisson & Fruits de mer
FILETS DE MAQUEREAUX GRILL√âS NATURES;Poisson & Fruits de mer
AT√öN CLARO EN ACEITE DE OLIVA;Poisson & Fruits de mer
CABILLAUD SAUCE CITRON RIZ AUX PETITS L√âGUMES;Poisson & Fruits de mer
COD FISH FINGERS;Poisson & Fruits de mer
LE MOELLEUX;Poisson & Fruits de mer
THON A LHUILE;Poisson & Fruits de mer
PRINCE GO√õT CHOCOLAT;√âpicerie sucr√©e
EXCELLENCE NOIR PRODIGIEUX 90% CACAO;√âpicerie sucr√©e
EXCELLENCE 70% COCOA INTENSE DARK;√âpicerie sucr√©e
TONIK;√âpicerie sucr√©e
S√âSAME;√âpicerie sucr√©e
ZERO SIN AZ√öCARES FIBRA;√âpicerie sucr√©e
EXCELLENCE 85% CACAO RICH DARK;√âpicerie sucr√©e
DARK CHOCOLATE 85% COCOA;√âpicerie sucr√©e
HENRY‚ÄôS;√âpicerie sucr√©e
ORGANIC 70% DARK CHOCOLATE BAR;√âpicerie sucr√©e
KING COOKIES;√âpicerie sucr√©e
SABLE COCO HENRY S 42G;√âpicerie sucr√©e
EXCELLENCE NOIR INTENSE 70% CACAO;√âpicerie sucr√©e
DARK CHOCOLATE;√âpicerie sucr√©e
EXCELLENCE NOIR PUISSANT 85% CACAO;√âpicerie sucr√©e
FOURR√âS CHOCOLAT NOIR;√âpicerie sucr√©e
EXTRA DARK CHOCOLATE 74% CACAO;√âpicerie sucr√©e
HENRY‚ÄôS;√âpicerie sucr√©e
MOMO BLACK;√âpicerie sucr√©e
TONIK;√âpicerie sucr√©e
DARK CHOCOLATE;√âpicerie sucr√©e
DALAA 550 FEUILLES;√âpicerie sucr√©e
GRANATAPFEL SAUERKIRSCHE FRUCHTGUMMI;√âpicerie sucr√©e
TOFFIFEE;√âpicerie sucr√©e
EXCELLENCE √Ä LA POINTE DE FLEUR DE SEL NOIR;√âpicerie sucr√©e
KINDER BUENO WHITE;√âpicerie sucr√©e
CHOCOLATE;√âpicerie sucr√©e
PEANUT;√âpicerie sucr√©e
TOBLERONE;√âpicerie sucr√©e
TONIK;√âpicerie sucr√©e
COCO SPECIALTY;√âpicerie sucr√©e
FERRERO ROCHER;√âpicerie sucr√©e
CHOCAO ENERGIE;√âpicerie sucr√©e
KINDER COUNTRY;√âpicerie sucr√©e
EXTREM;√âpicerie sucr√©e
KINDER BUENO;√âpicerie sucr√©e
LIGHTLY SEA SALTED;√âpicerie sal√©e
ORIGINAL;√âpicerie sal√©e
SOUR CREAM & ONION;√âpicerie sal√©e
CHIPS;√âpicerie sal√©e
PRINGLES SARE;√âpicerie sal√©e
PRINGLES ORIGINAL;√âpicerie sal√©e
LIGHTLY SALTED LOW FAT CORN CAKES;√âpicerie sal√©e
KRIT KRITITAS GALLETAS SALADAS;√âpicerie sal√©e
–ö–ê–†–¢–û–§–ï–õ–¨–ù–´–ï –ß–ò–ü–°–´ –°–û –í–ö–£–°–û–ú –ü–ê–†–ò–ö–ò;√âpicerie sal√©e
PRINGLES ORIGINAL;√âpicerie sal√©e
LENTIL & PEA VEGGIE CAKES - BEETROOT & BALSAMIC;√âpicerie sal√©e
PRINGLES;√âpicerie sal√©e
SEA SALT & CIDER VINEGAR CHIPS;√âpicerie sal√©e
SOUR CREAM & ONION;√âpicerie sal√©e
PROPERCHIPS SEA SALT LENTIL CHIPS;√âpicerie sal√©e
PRINGLES ORIGINAL;√âpicerie sal√©e
THE ORIGINAL CRUNCHY RYE BREADS;√âpicerie sal√©e
SUPER SEEDED OATCAKES;√âpicerie sal√©e
CHIPS DE LENTILLES SAVEUR FINES HERBES;√âpicerie sal√©e
MULTIGRAIN CRUNCHY RYE BREADS;√âpicerie sal√©e
PORK SAUSAGES;Viandes & Charcuterie
BLANC DE POULET;Viandes & Charcuterie
NO ARTIFICIAL ADDITIVES 6 PORK SAUSAGES;Viandes & Charcuterie
LE SUP√âRIEUR - √Ä L'ETOUFF√âE - CONSERVATION SANS NITRITE;Viandes & Charcuterie
LE SUP√âRIEUR -25% DE SEL - CONSERVATION SANS NITRITE;Viandes & Charcuterie
PECHUGA DE PAVO COCIDA 92%;Viandes & Charcuterie
UNSMOKED BACK BACON RASHERS;Viandes & Charcuterie
HERTA BLANC POULET NATURE CONSERVATION SANS NITRITE X4 -140G;Viandes & Charcuterie
R√îTI DE POULET - 100% FILET;Viandes & Charcuterie
ZERO NITRITE - LE SUPERIEUR;Viandes & Charcuterie
JAM√ìN COCIDO NATURAL;Viandes & Charcuterie
PECHUGA PAVO  FINAS LONCHAS;Viandes & Charcuterie
HERTA LARDONS FUM√âS CONSERVATION SANS NITRITE - 2X75G;Viandes & Charcuterie
LINCOLNSHIRE SAUSAGES;Viandes & Charcuterie
JAM√ìN COCIDO EXTRA;Viandes & Charcuterie
PECHUGA DE PAVO AL CORTE;Viandes & Charcuterie
RILLETTES DU MANS - LA V√âRITABLE;Viandes & Charcuterie
AIGUILLETTES DE POULET ROTI;Viandes & Charcuterie
JAMON SERRANO;Viandes & Charcuterie
FUET ESPETEC EXTRA;Viandes & Charcuterie
HERTA LE BON PARIS JAMBON √Ä L'√âTOUFF√âE SANS NITRITE X4-140G;Viandes & Charcuterie
PORK SAUSAGES;Viandes & Charcuterie
HERTA KNACKI VEGGIE SAUCISSES V√âG√âTALES X6 -210G;Viandes & Charcuterie
NO ARTIFICIAL ADDITIVES 6 PORK SAUSAGES;Viandes & Charcuterie
LE SUP√âRIEUR - √Ä L'ETOUFF√âE - CONSERVATION SANS NITRITE;Viandes & Charcuterie
LE SUP√âRIEUR -25% DE SEL - CONSERVATION SANS NITRITE;Viandes & Charcuterie
HERTA LE BON PARIS JAMBON SEL R√âDUIT SANS NITRITE X4-140G;Viandes & Charcuterie
BLANC DE POULET 100% FILET;Viandes & Charcuterie
BLANC DE POULET  - 25% DE SEL*;Viandes & Charcuterie
FILET DE POULET üêî R√îTI;Viandes & Charcuterie
HERTA LE BON PARIS JAMBON √Ä L'√âTOUFF√âE X4 -170G;Viandes & Charcuterie
HERTA BLANC POULET NATURE CONSERVATION SANS NITRITE X4 -140G;Viandes & Charcuterie
R√îTI DE POULET - 100% FILET;Viandes & Charcuterie
LUNCHEON;Viandes & Charcuterie
ZERO NITRITE - LE SUPERIEUR;Viandes & Charcuterie
JAM√ìN COCIDO NATURAL;Viandes & Charcuterie
PECHUGA PAVO  FINAS LONCHAS;Viandes & Charcuterie
CHICKEN ITALIA CHIPOLATAS;Viandes & Charcuterie
HERTA LARDONS FUM√âS CONSERVATION SANS NITRITE - 2X75G;Viandes & Charcuterie
LINCOLNSHIRE SAUSAGES;Viandes & Charcuterie
PERLY;Produits laitiers
LAIT;Produits laitiers
FROMAGE BLANC NATURE;Produits laitiers
LAIT ENTIER UHT;Produits laitiers
JBEN;Produits laitiers
MARMITE YEAST EXTRACT;Produits laitiers
LAIT FRAIS;Produits laitiers
YAOURT NATURE;Produits laitiers
CHEDDAR;Produits laitiers
ASSIL;Produits laitiers
SALIM;Produits laitiers
CREMY;Produits laitiers
CREAM CHEESE;Produits laitiers
SPREADABLE SLIGHTLY SALTED;Produits laitiers
JAMILA;Produits laitiers
LAIT U.H.T ENTIER;Produits laitiers
FAMILIA 200G;Produits laitiers
PERLY;Produits laitiers
FROMAGE BLANC NATURE;Produits laitiers
JBEN;Produits laitiers
CHEDDAR;Produits laitiers
CREAM CHEESE;Produits laitiers
SKYR NATURE 0%;Produits laitiers
JEBLI;Produits laitiers
FRESH SQUARE 0% - PLAIN;Produits laitiers
PHILADELPHIA;Produits laitiers
CARR√â FRAIS - NATURE;Produits laitiers
TRANCHES AU GO√õT CHEDDAR;Produits laitiers
PAYSAN BRETON - LE FROMAGE FOUETT√â MADAME LO√èK - NATURE AU SEL DE GU√âRANDE;Produits laitiers
KIRI CARR√â 8P;Produits laitiers
PERLY FROMAGE;Produits laitiers
ST M√îRET;Produits laitiers
COULOMMIERS DOUX ET CR√âMEUX;Produits laitiers
CAPRICE DES DIEUX;Produits laitiers
LE GO√õT PRIMEUR FORMAT FAMILIAL;Produits laitiers
LAIT;Produits laitiers
LAIT ENTIER UHT;Produits laitiers
LAIT FRAIS;Produits laitiers
SALIM;Produits laitiers
LAIT U.H.T ENTIER;Produits laitiers
LAIT ENTIER UHT;Produits laitiers
GER√ñSTETE MANDEL;Produits laitiers
LBEN CARTON PASTEURISER;Produits laitiers
LE BON LAIT;Produits laitiers
LE LAIT DEMI √âCR√âM√â;Produits laitiers
LAIT FRAIS 15 JOURS;Produits laitiers
SALIM;Produits laitiers
CROISSANCE R√âDUIT EN SUCRE;Produits laitiers
JIBAL;Produits laitiers
SEMI-SKIMMED 1.8% FAT MILK;Produits laitiers
ALBANE;Produits laitiers
RAIBI JAMILA;Produits laitiers
HERTA P√ÇTE √Ä PIZZA FINE ET RECTANGULAIRE 390G;Boulangerie & P√¢tisserie
HERTA P√ÇTE √Ä PIZZA FINE ET RONDE 265G;Boulangerie & P√¢tisserie
PAN INTEGRAL DE MOLDE SIN CORTEZA;Boulangerie & P√¢tisserie
KALAMATA OLIVE BLOOMER;Boulangerie & P√¢tisserie
PIZZA DOUGH ORIGINAL;Boulangerie & P√¢tisserie
HOT CROSS BUNS;Boulangerie & P√¢tisserie
P√ÇTE √Ä PIZZA;Boulangerie & P√¢tisserie
DOUGH BALLS;Boulangerie & P√¢tisserie
P√ÇTE √Ä PIZZA;Boulangerie & P√¢tisserie
WAITROSE SEEDED TORTILLA WRAPS;Boulangerie & P√¢tisserie
PRE-ROLLED PIZZA DOUGH;Boulangerie & P√¢tisserie
FLAMED BAKED PIZZA BASED;Boulangerie & P√¢tisserie
MASA FRESCA PIZZA;Boulangerie & P√¢tisserie
GRAHAM DE VEL PITAT;Boulangerie & P√¢tisserie
SCH√ÑR MEISTERB√ÑCKERS CLASSIC MIT SAUERTEIG 8008698027400 GLUTENFREIES WEISSES SCHNITTBROT;Boulangerie & P√¢tisserie
P√ÇTE √Ä PIZZA PR√äTE √Ä D√âROULER;Boulangerie & P√¢tisserie
HERTA P√ÇTE √Ä PIZZA EPAISSE ET RONDE 450G;Boulangerie & P√¢tisserie
PATE √Ä PIZZA XXL FINE&RECTANGULAIRE;Boulangerie & P√¢tisserie
PRINCE GO√õT CHOCOLAT;Boulangerie & P√¢tisserie
TONIK;Boulangerie & P√¢tisserie
S√âSAME;Boulangerie & P√¢tisserie
ZERO SIN AZ√öCARES FIBRA;Boulangerie & P√¢tisserie
HENRY‚ÄôS;Boulangerie & P√¢tisserie
KING COOKIES;Boulangerie & P√¢tisserie
SABLE COCO HENRY S 42G;Boulangerie & P√¢tisserie
FOURR√âS CHOCOLAT NOIR;Boulangerie & P√¢tisserie
HENRY‚ÄôS;Boulangerie & P√¢tisserie
MOMO BLACK;Boulangerie & P√¢tisserie
BISCUITS CROQUANTS AU COEUR ONCTUEUX DE NUTELLA¬Æ;Boulangerie & P√¢tisserie
EYOO COVER;Boulangerie & P√¢tisserie
POMME üçè üçé NOISETTEü•ú;Boulangerie & P√¢tisserie
2 BARS MILK AND HAZELNUTS;Boulangerie & P√¢tisserie
FIGUE & SON;Boulangerie & P√¢tisserie
PETIT BEURRE;Boulangerie & P√¢tisserie
KING COOKIES CHOCO;Boulangerie & P√¢tisserie
GRANOLA;Boulangerie & P√¢tisserie
HENRY'S SABLE COCO BISCUIT 85G;Boulangerie & P√¢tisserie
BISCUIT RAISINS;Boulangerie & P√¢tisserie
100% MIE COMPLET 500G;Surgel√©s
COCA-COLA ORIGINAL TASTE;Surgel√©s
HARRYS PAIN DE MIE 100% MIE NATURE SANS CROUTE 500G;Surgel√©s
PAIN DE MIE AMERICAN SANDWICH COMPLET SANS SUCRES AJOUT√âS 600G;Surgel√©s
HARRYS BEAU & BON PAIN DE MIE FARINE DE BLE CEREALES & GRAINES 320G;Surgel√©s
VANILLA ICE CREAM;Surgel√©s
CRISPY MINIS CHOCO, C√âR√âALES DE BL√â COMPLET ENRICHIES EN VITAMINES ET EN FER AVEC DU CHOCOLAT;Surgel√©s
COUNTRY CRISP 4 BAIES;Surgel√©s
BISCOTTES SANS SEL ET SANS SUCRE AJOUT√âS;Surgel√©s
PAIN DE MIE AMERICAN SANDWICH RUSTIQUE SANS SUCRES AJOUT√âS 500G;Surgel√©s
LEERDAMMER ORIGINAL 8 TRANCHES 200G;Surgel√©s
NOISETTA;Surgel√©s
BISCUITS GERME DE BL√â ET P√âPITES DE CHOCOLAT;Surgel√©s
BEAU & BON PAIN DE MIE COMPLET LIN TOURNESOL 320G;Surgel√©s
90G FERRERO ROCHER TABLETTE LT;Surgel√©s
LUSTUCRU GNOCCHI A PO√äLER FORMAT XXL 720G;Surgel√©s
LES TRANCHES V√âG√â HARICOTS BLANCS;Surgel√©s
ICE TEA;Surgel√©s
FROMAGE PRODUIT LAITIERS;Surgel√©s
BIO ORGANIC OAT FLAKES;Surgel√©s
