Produit;Categories_OFF
ORANGE JUICE;Boissons
TONIK;Fruits & L√©gumes
CONFITURE DE FRAISE;Fruits & L√©gumes
SOURDOUGH WHITE CIABATTIN BREAD;Fruits & L√©gumes
GER√ñSTETE MANDEL OHNE ZUCKER;Boissons
WHITE SOURDOUGH BREAD;Fruits & L√©gumes
SOURDOUGH GRAINS & SEEDS;Fruits & L√©gumes
ALMONDS;Fruits & L√©gumes
CASHEWKERNE NATURBELASSEN;Fruits & L√©gumes
NESCAF√â CLASSIC;Boissons
BAKED BEANS;Fruits & L√©gumes
OHNE ZUCKER HAFER;Boissons
OAT DRINK BARISTA EDITION;Boissons
MARGARINE LA PRAIRIE 225G;Fruits & L√©gumes
TARTINE CROUSTILLANTE AUTHENTIQUE;Fruits & L√©gumes
FAMILIA 200G;Fruits & L√©gumes
LIGHTLY SEA SALTED;Fruits & L√©gumes
TONIK;Fruits & L√©gumes
CONFITURE DE FRAISE;Fruits & L√©gumes
SOURDOUGH WHITE CIABATTIN BREAD;Fruits & L√©gumes
GER√ñSTETE MANDEL OHNE ZUCKER;Boissons
WHITE SOURDOUGH BREAD;Fruits & L√©gumes
SOURDOUGH GRAINS & SEEDS;Fruits & L√©gumes
ALMONDS;Fruits & L√©gumes
CASHEWKERNE NATURBELASSEN;Fruits & L√©gumes
NESCAF√â CLASSIC;Boissons
BAKED BEANS;Fruits & L√©gumes
OHNE ZUCKER HAFER;Boissons
OAT DRINK BARISTA EDITION;Boissons
MARGARINE LA PRAIRIE 225G;Fruits & L√©gumes
TARTINE CROUSTILLANTE AUTHENTIQUE;Fruits & L√©gumes
FAMILIA 200G;Fruits & L√©gumes
LIGHTLY SEA SALTED;Fruits & L√©gumes
WEETABIX;Fruits & L√©gumes
PRINCE GO√õT CHOCOLAT;√âpicerie sucr√©e
EXCELLENCE NOIR PRODIGIEUX 90% CACAO;√âpicerie sucr√©e
EXCELLENCE 70% COCOA INTENSE DARK;√âpicerie sucr√©e
TONIK;Fruits & L√©gumes
S√âSAME;√âpicerie sucr√©e
ZERO SIN AZ√öCARES FIBRA;√âpicerie sucr√©e
EXCELLENCE 85% CACAO RICH DARK;√âpicerie sucr√©e
DARK CHOCOLATE 85% COCOA;√âpicerie sucr√©e
HENRY‚ÄôS;√âpicerie sucr√©e
ORGANIC 70% DARK CHOCOLATE BAR;√âpicerie sucr√©e
KING COOKIES;√âpicerie sucr√©e
SABLE COCO HENRY S 42G;√âpicerie sucr√©e
TARTINE CROUSTILLANTE AUTHENTIQUE;Fruits & L√©gumes
EXCELLENCE NOIR INTENSE 70% CACAO;Ferment
LIGHTLY SEA SALTED;Fruits & L√©gumes
DARK CHOCOLATE;√âpicerie sucr√©e
EXCELLENCE NOIR PUISSANT 85% CACAO;√âpicerie sucr√©e
FOURR√âS CHOCOLAT NOIR;√âpicerie sucr√©e
EXTRA DARK CHOCOLATE 74% CACAO;√âpicerie sucr√©e
PRINCE GO√õT CHOCOLAT;√âpicerie sucr√©e
EXCELLENCE NOIR PRODIGIEUX 90% CACAO;√âpicerie sucr√©e
EXCELLENCE 70% COCOA INTENSE DARK;√âpicerie sucr√©e
TONIK;Fruits & L√©gumes
S√âSAME;√âpicerie sucr√©e
ZERO SIN AZ√öCARES FIBRA;√âpicerie sucr√©e
EXCELLENCE 85% CACAO RICH DARK;√âpicerie sucr√©e
DARK CHOCOLATE 85% COCOA;√âpicerie sucr√©e
HENRY‚ÄôS;√âpicerie sucr√©e
ORGANIC 70% DARK CHOCOLATE BAR;√âpicerie sucr√©e
KING COOKIES;√âpicerie sucr√©e
SABLE COCO HENRY S 42G;√âpicerie sucr√©e
EXCELLENCE NOIR INTENSE 70% CACAO;Ferment
DARK CHOCOLATE;√âpicerie sucr√©e
EXCELLENCE NOIR PUISSANT 85% CACAO;√âpicerie sucr√©e
FOURR√âS CHOCOLAT NOIR;√âpicerie sucr√©e
EXTRA DARK CHOCOLATE 74% CACAO;√âpicerie sucr√©e
HENRY‚ÄôS;√âpicerie sucr√©e
MOMO BLACK;√âpicerie sucr√©e
SIDI ALI;Boissons
SIDI ALI;Boissons
EAU MIN√âRALE NATURELLE;Boissons
EAU DE SOURCE;Boissons
AIN SA√èSS;Boissons
EAU MIN√âRAL NATURELLE;Boissons
6111035000027;Boissons
ORIGINAL TASTE;Boissons
OULMES NATURAL CARBONATED WATER;Boissons
ORANGE JUICE;Boissons
AIN SAISS EAU MINERALE NATURELLE;Boissons
AIN ATLAS;Boissons
AIN ATLAS;Boissons
GER√ñSTETE MANDEL OHNE ZUCKER;Boissons
CRISTALINE EAU DE SOURCE 0.5L;Boissons
BTE 33CL SLIM COCA COLA;Boissons
CIEL;Boissons
PERLY;Produits laitiers
LAIT;Produits laitiers
FROMAGE BLANC NATURE;Produits laitiers
LAIT ENTIER UHT;Produits laitiers
JBEN;Produits laitiers
MARMITE YEAST EXTRACT;Produits laitiers
LAIT FRAIS;Produits laitiers
YAOURT NATURE;Produits laitiers
CHEDDAR;Produits laitiers
ASSIL;Produits laitiers
SALIM;Produits laitiers
CREMY;Produits laitiers
CREAM CHEESE;Produits laitiers
SPREADABLE SLIGHTLY SALTED;Produits laitiers
JAMILA;Fruits & L√©gumes
LAIT U.H.T ENTIER;Produits laitiers
FAMILIA 200G;Fruits & L√©gumes
TONIK;Fruits & L√©gumes
SOURDOUGH WHITE CIABATTIN BREAD;Fruits & L√©gumes
WHITE SOURDOUGH BREAD;Fruits & L√©gumes
SOURDOUGH GRAINS & SEEDS;Fruits & L√©gumes
OHNE ZUCKER HAFER;Boissons
OAT DRINK BARISTA EDITION;Boissons
TARTINE CROUSTILLANTE AUTHENTIQUE;Fruits & L√©gumes
LIGHTLY SEA SALTED;Fruits & L√©gumes
WEETABIX;Fruits & L√©gumes
ORGANIC - LIGHTLY SALTED - WHOLEGRAIN LOW FAT - RICE CAKES IMP;Fruits & L√©gumes
PAIN DE MIE GRANDES TRANCHES SEIGLE & GRAINES 500G;Fruits & L√©gumes
SOURDOUGH BREAD - SUPERB SPROUTED GRAINS N¬∞7;Fruits & L√©gumes
FIBRES;Fruits & L√©gumes
KRISPROLLS COMPLETS SANS SUCRES AJOUT√âS;Fruits & L√©gumes
14 MAXI TRANCHES COMPLET SANS SUCRES AJOUT√âS;Fruits & L√©gumes
CRUESLY M√âLANGE DE NOIX;Fruits & L√©gumes
TARTINES CRAQUANTES AU SARRASIN IMP;Fruits & L√©gumes
DARK RYE CRISPBREAD;Fruits & L√©gumes
FAMILY PACK;Fruits & L√©gumes
ZARTE HAFERFLOCKEN;Fruits & L√©gumes
HERTA LE BON PARIS JAMBON √Ä L'√âTOUFF√âE SANS NITRITE X4-140G;Viandes & Charcuterie
PORK SAUSAGES;Viandes & Charcuterie
HERTA KNACKI VEGGIE SAUCISSES V√âG√âTALES X6 -210G;Fruits & L√©gumes
BLANC DE POULET;Viandes & Charcuterie
NO ARTIFICIAL ADDITIVES 6 PORK SAUSAGES;Viandes & Charcuterie
LE SUP√âRIEUR - √Ä L'ETOUFF√âE - CONSERVATION SANS NITRITE;Viandes & Charcuterie
LE SUP√âRIEUR -25% DE SEL - CONSERVATION SANS NITRITE;Viandes & Charcuterie
HERTA LE BON PARIS JAMBON SEL R√âDUIT SANS NITRITE X4-140G;Viandes & Charcuterie
BLANC DE POULET 100% FILET;Viandes & Charcuterie
BLANC DE POULET  - 25% DE SEL*;Viandes & Charcuterie
PECHUGA DE PAVO COCIDA 92%;Viandes & Charcuterie
BISTO GRAVY GRANULES;Viandes & Charcuterie
FILET DE POULET üêî R√îTI;Viandes & Charcuterie
UNSMOKED BACK BACON RASHERS;Viandes & Charcuterie
HERTA LE BON PARIS JAMBON √Ä L'√âTOUFF√âE X4 -170G;Viandes & Charcuterie
HERTA BLANC POULET NATURE CONSERVATION SANS NITRITE X4 -140G;Viandes & Charcuterie
POULETüêî AU CURRY ET NOIX DE COCO ü••;√âpicerie sal√©e
R√îTI DE POULET - 100% FILET;Viandes & Charcuterie
LUNCHEON;Viandes & Charcuterie
COUSCOUS ORIENTAL L√âGUMES CUISIN√âS ET POULET √âMINC√â;Viandes & Charcuterie
PERLY;Produits laitiers
FROMAGE BLANC NATURE;Produits laitiers
JBEN;Produits laitiers
MARMITE YEAST EXTRACT;Produits laitiers
YAOURT NATURE;Produits laitiers
CHEDDAR;Produits laitiers
ASSIL;Produits laitiers
CREMY;Produits laitiers
CREAM CHEESE;Produits laitiers
JAMILA;Fruits & L√©gumes
EXCELLENCE NOIR INTENSE 70% CACAO;Ferment
SKYR NATURE 0%;Produits laitiers
DANONE ASSIL BANANE;Produits laitiers
JEBLI;Produits laitiers
RA√éBI;Produits laitiers
TENDRE NATURE;Produits laitiers
NATURAL YOGURT;Produits laitiers
YAOURT GREC MUESLI;Produits laitiers
PERLY;Produits laitiers
FROMAGE BLANC NATURE;Produits laitiers
JBEN;Produits laitiers
MARMITE YEAST EXTRACT;Produits laitiers
YAOURT NATURE;Produits laitiers
CHEDDAR;Produits laitiers
ASSIL;Produits laitiers
CREMY;Produits laitiers
CREAM CHEESE;Produits laitiers
JAMILA;Fruits & L√©gumes
SKYR NATURE 0%;Produits laitiers
DANONE ASSIL BANANE;Produits laitiers
JEBLI;Produits laitiers
RA√éBI;Produits laitiers
TENDRE NATURE;Produits laitiers
NATURAL YOGURT;Produits laitiers
YAOURT GREC MUESLI;Produits laitiers
DANINO;Produits laitiers
CONFITURE DE FRAISE;Fruits & L√©gumes
BAKED BEANS;Fruits & L√©gumes
A√èN SOLTANE;Boissons
CONCENTR√â DE TOMATES AICHA;Fruits & L√©gumes
FRUIT & NUT MIX;Fruits & L√©gumes
STRAWBERRY JAM;Fruits & L√©gumes
DELICIA DOUBLE CONCENTRE DE TOMATES;Fruits & L√©gumes
D√âLICIA - CONFITURE D'ABRICOT;Fruits & L√©gumes
TOMATES CERISES ALLONG√âES;Fruits & L√©gumes
ALVALLE GAZPACHO L'ORIGINAL;Fruits & L√©gumes
DOUBLE CONCENTR√â DE TOMATES;Fruits & L√©gumes
RATATOUILLE CUISIN√âE √Ä LA PROVEN√áALE CASSEGRAIN 380G;Fruits & L√©gumes
POM'POTES COMPOTES GOURDES POMME NATURE 1X90G;Fruits & L√©gumes
AICHA TOMATO PASTE;Fruits & L√©gumes
DOCE EXTRA MORANGO;Fruits & L√©gumes
DOUBLE CONCENTRE DE TOMATE;Fruits & L√©gumes
RASPBERRY CONSERVE;Fruits & L√©gumes
CHOPPED TOMATOES;Fruits & L√©gumes
CONFITURE DE FRAISES AICHA;Fruits & L√©gumes
MAYONNAISE RECETTE ORIGINALE;√âpicerie sal√©e
STAR BRANDED IODIZED SALT;√âpicerie sal√©e
KETCHUP;√âpicerie sal√©e
SAUCE TOMATE CUISIN√âE;√âpicerie sal√©e
STAR VINAIGRE DE TABLE BLANC;√âpicerie sal√©e
611251753912;√âpicerie sal√©e
SOYASAUS;√âpicerie sal√©e
MAYONNAISE;√âpicerie sal√©e
PESTO GENOVESE 190G BARILLA;√âpicerie sal√©e
TOMATO KETCHUP;√âpicerie sal√©e
TOMATO KETCHUP;√âpicerie sal√©e
MOUTARDE;√âpicerie sal√©e
TOMATO KETCHUP;√âpicerie sal√©e
CLARA MITCHELL TOMATO SAUCE;√âpicerie sal√©e
REAL MAYONNAISE;√âpicerie sal√©e
PESTO ROSSO;√âpicerie sal√©e
MAYONNAISE;√âpicerie sal√©e
BOL BOL KETCHUP;√âpicerie sal√©e
PORK SAUSAGES;Viandes & Charcuterie
BLANC DE POULET;Viandes & Charcuterie
NO ARTIFICIAL ADDITIVES 6 PORK SAUSAGES;Viandes & Charcuterie
LE SUP√âRIEUR - √Ä L'ETOUFF√âE - CONSERVATION SANS NITRITE;Viandes & Charcuterie
LE SUP√âRIEUR -25% DE SEL - CONSERVATION SANS NITRITE;Viandes & Charcuterie
PECHUGA DE PAVO COCIDA 92%;Viandes & Charcuterie
UNSMOKED BACK BACON RASHERS;Viandes & Charcuterie
HERTA BLANC POULET NATURE CONSERVATION SANS NITRITE X4 -140G;Viandes & Charcuterie
R√îTI DE POULET - 100% FILET;Viandes & Charcuterie
ZERO NITRITE - LE SUPERIEUR;Viandes & Charcuterie
JAM√ìN COCIDO NATURAL;Viandes & Charcuterie
PECHUGA PAVO  FINAS LONCHAS;Viandes & Charcuterie
HERTA LARDONS FUM√âS CONSERVATION SANS NITRITE - 2X75G;Viandes & Charcuterie
LINCOLNSHIRE SAUSAGES;Fruits & L√©gumes
JAM√ìN COCIDO EXTRA;Viandes & Charcuterie
PECHUGA DE PAVO AL CORTE;Viandes & Charcuterie
RILLETTES DU MANS - LA V√âRITABLE;Viandes & Charcuterie
AIGUILLETTES DE POULET ROTI;Viandes & Charcuterie
JAMON SERRANO;Viandes & Charcuterie
FUET ESPETEC EXTRA;Viandes & Charcuterie
LAIT;Produits laitiers
ALVALLE GAZPACHO L'ORIGINAL;Fruits & L√©gumes
RATATOUILLE CUISIN√âE √Ä LA PROVEN√áALE CASSEGRAIN 380G;Fruits & L√©gumes
PUY LENTILS & FRENCH GREEN LENTILS;Fruits & L√©gumes
SALADE & COMPAGNIE MANHATTAN POULET ROTI;√âpicerie sal√©e
CREAM OF TOMATO SOUP;√âpicerie sal√©e
MEAT FEAST PIZZA;√âpicerie sal√©e
BAKED BEANS;Fruits & L√©gumes
ORGANIC BEEF STOCK CUBES 8 PACK;√âpicerie sal√©e
BAKED BEANS IN TOMATO SAUCE;Fruits & L√©gumes
HERTA KNACKI VEGGIE SAUCISSES V√âG√âTALES X6 -210G;Fruits & L√©gumes
PRINGLES;Fruits & L√©gumes
INSTANT NUDELN - CHICKEN FLAVOUR;Fruits & L√©gumes
CLASSIC CHICKEN SOUP;√âpicerie sal√©e
RATATOUILLE CUISIN√âE √Ä LA PROVEN√áALE;Fruits & L√©gumes
HEINZ BEANZ NO ADDED SUGAR;Fruits & L√©gumes
BAKED BEANS;Fruits & L√©gumes
MARGHERITA SOURDOUGH PIZZA;√âpicerie sal√©e
ROAST CHICKEN AND TRADITIONAL VEGETABLES;√âpicerie sal√©e
PERLY;Produits laitiers
FROMAGE BLANC NATURE;Produits laitiers
YAOURT NATURE;Produits laitiers
ASSIL;Produits laitiers
CREMY;Produits laitiers
JAMILA;Fruits & L√©gumes
SKYR NATURE 0%;Produits laitiers
DANONE ASSIL BANANE;Produits laitiers
RA√éBI;Produits laitiers
TENDRE NATURE;Produits laitiers
NATURAL YOGURT;Produits laitiers
YAOURT GREC MUESLI;Produits laitiers
DANINO;Produits laitiers
GHILAL YAOURT ZR3;Produits laitiers
NESTL√â DESSERT;√âpicerie sucr√©e
YEO VALLEY ORGANIC KEFIR NATURAL FERMENTED YOGURT;Fruits & L√©gumes
YAOURT TENDRE;Produits laitiers
VANILLE AU SOJA;Fruits & L√©gumes
PRINCE GO√õT CHOCOLAT;√âpicerie sucr√©e
TONIK;Fruits & L√©gumes
S√âSAME;√âpicerie sucr√©e
ZERO SIN AZ√öCARES FIBRA;√âpicerie sucr√©e
HENRY‚ÄôS;√âpicerie sucr√©e
KING COOKIES;√âpicerie sucr√©e
SABLE COCO HENRY S 42G;√âpicerie sucr√©e
FOURR√âS CHOCOLAT NOIR;√âpicerie sucr√©e
HENRY‚ÄôS;√âpicerie sucr√©e
MOMO BLACK;√âpicerie sucr√©e
BISCUITS CROQUANTS AU COEUR ONCTUEUX DE NUTELLA¬Æ;√âpicerie sucr√©e
EYOO COVER;√âpicerie sucr√©e
POMME üçè üçé NOISETTEü•ú;√âpicerie sucr√©e
2 BARS MILK AND HAZELNUTS;√âpicerie sucr√©e
FIGUE & SON;√âpicerie sucr√©e
PETIT BEURRE;√âpicerie sucr√©e
KING COOKIES CHOCO;√âpicerie sucr√©e
GRANOLA;√âpicerie sucr√©e
HENRY'S SABLE COCO BISCUIT 85G;√âpicerie sucr√©e
BISCUIT RAISINS;√âpicerie sucr√©e
TONIK;Fruits & L√©gumes
OHNE ZUCKER HAFER;Boissons
OAT DRINK BARISTA EDITION;Boissons
WEETABIX;Fruits & L√©gumes
ORGANIC - LIGHTLY SALTED - WHOLEGRAIN LOW FAT - RICE CAKES IMP;Fruits & L√©gumes
PAIN DE MIE GRANDES TRANCHES SEIGLE & GRAINES 500G;Fruits & L√©gumes
CRUESLY M√âLANGE DE NOIX;Fruits & L√©gumes
FAMILY PACK;Fruits & L√©gumes
ZARTE HAFERFLOCKEN;Fruits & L√©gumes
OAT;Boissons
FLOCONS D'AVOINE;Fruits & L√©gumes
CROUSTILLANT CHOCOLAT;Fruits & L√©gumes
WEETABIX ORIGINAL;Fruits & L√©gumes
36 WHEAT BISKS;Fruits & L√©gumes
MUESLI RAISIN, FIGUE, ABRICOT;Fruits & L√©gumes
SPECIAL MUESLI 30% FRUITS & NOIX;Fruits & L√©gumes
QUAKER ROLLED OATS;Fruits & L√©gumes
LIGHTLY SALTED LOW FAT CORN CAKES;Fruits & L√©gumes
MUESLI SUPERFRUITS RAISINS, CASSIS,CRANBERRY, MYRTILLE;Fruits & L√©gumes
CORN FLAKES;Fruits & L√©gumes
JBEN;Produits laitiers
MARMITE YEAST EXTRACT;Produits laitiers
NUTELLA;√âpicerie sucr√©e
CONFITURE DE FRAISE;Fruits & L√©gumes
NUTELLA;√âpicerie sucr√©e
SPREADABLE SLIGHTLY SALTED;Produits laitiers
MARGARINE LA PRAIRIE 225G;Fruits & L√©gumes
FAMILIA 200G;Fruits & L√©gumes
NOCCIOLATA;√âpicerie sucr√©e
P√ÇTE √Ä TARTINER NOISETTES ET CACAO;√âpicerie sucr√©e
TARTINE DOUX;Fruits & L√©gumes
EL BARAKA CONFITURE DE FRAISES 430 G;Fruits & L√©gumes
PUR BEURRE DE CACAHU√àTE;Fruits & L√©gumes
NOCCIOLATA BIO;√âpicerie sucr√©e
CONFITURE D'ABRICOT;Fruits & L√©gumes
POULAIN;√âpicerie sucr√©e
NUTELLA;√âpicerie sucr√©e
JEBLI;Produits laitiers
SIDI ALI;Boissons
SIDI ALI;Boissons
EAU MIN√âRALE NATURELLE;Boissons
EAU DE SOURCE;Boissons
AIN SA√èSS;Boissons
EAU MIN√âRAL NATURELLE;Boissons
6111035000027;Boissons
ORIGINAL TASTE;Boissons
OULMES NATURAL CARBONATED WATER;Boissons
ORANGE JUICE;Boissons
AIN SAISS EAU MINERALE NATURELLE;Boissons
AIN ATLAS;Boissons
AIN ATLAS;Boissons
GER√ñSTETE MANDEL OHNE ZUCKER;Boissons
CRISTALINE EAU DE SOURCE 0.5L;Boissons
BTE 33CL SLIM COCA COLA;Boissons
CIEL;Boissons
PERLY;Produits laitiers
FROMAGE BLANC NATURE;Produits laitiers
JBEN;Produits laitiers
CHEDDAR;Produits laitiers
CREAM CHEESE;Produits laitiers
SKYR NATURE 0%;Produits laitiers
JEBLI;Produits laitiers
FRESH SQUARE 0% - PLAIN;Produits laitiers
PHILADELPHIA;Produits laitiers
CARR√â FRAIS - NATURE;Produits laitiers
TRANCHES AU GO√õT CHEDDAR;Produits laitiers
PAYSAN BRETON - LE FROMAGE FOUETT√â MADAME LO√èK - NATURE AU SEL DE GU√âRANDE;Produits laitiers
KIRI CARR√â 8P;Produits laitiers
PERLY FROMAGE;Produits laitiers
ST M√îRET;Produits laitiers
COULOMMIERS DOUX ET CR√âMEUX;Produits laitiers
CAPRICE DES DIEUX;Produits laitiers
LE GO√õT PRIMEUR FORMAT FAMILIAL;Produits laitiers
TONIK;Fruits & L√©gumes
DARK CHOCOLATE;√âpicerie sucr√©e
DALAA 550 FEUILLES;√âpicerie sucr√©e
GRANATAPFEL SAUERKIRSCHE FRUCHTGUMMI;√âpicerie sucr√©e
TOFFIFEE;√âpicerie sucr√©e
EXCELLENCE √Ä LA POINTE DE FLEUR DE SEL NOIR;√âpicerie sucr√©e
KINDER BUENO WHITE;√âpicerie sucr√©e
CHOCOLATE;√âpicerie sucr√©e
PEANUT;√âpicerie sucr√©e
TOBLERONE;√âpicerie sucr√©e
TONIK;√âpicerie sucr√©e
COCO SPECIALTY;√âpicerie sucr√©e
FERRERO ROCHER;√âpicerie sucr√©e
CHOCAO ENERGIE;√âpicerie sucr√©e
KINDER COUNTRY;√âpicerie sucr√©e
EXTREM;√âpicerie sucr√©e
KINDER BUENO;√âpicerie sucr√©e
MAYONNAISE RECETTE ORIGINALE;√âpicerie sal√©e
KETCHUP;√âpicerie sal√©e
SAUCE TOMATE CUISIN√âE;√âpicerie sal√©e
611251753912;√âpicerie sal√©e
SOYASAUS;√âpicerie sal√©e
MAYONNAISE;√âpicerie sal√©e
PESTO GENOVESE 190G BARILLA;√âpicerie sal√©e
TOMATO KETCHUP;√âpicerie sal√©e
TOMATO KETCHUP;√âpicerie sal√©e
MOUTARDE;√âpicerie sal√©e
TOMATO KETCHUP;√âpicerie sal√©e
CLARA MITCHELL TOMATO SAUCE;√âpicerie sal√©e
REAL MAYONNAISE;√âpicerie sal√©e
PESTO ROSSO;√âpicerie sal√©e
MAYONNAISE;√âpicerie sal√©e
BOL BOL KETCHUP;√âpicerie sal√©e
ASSAISONNEMENT AROMATIS√â AU CITRON;√âpicerie sal√©e
AROME MAGGI;√âpicerie sal√©e
NUTELLA;√âpicerie sucr√©e
CONFITURE DE FRAISE;Fruits & L√©gumes
NUTELLA;√âpicerie sucr√©e
NOCCIOLATA;√âpicerie sucr√©e
P√ÇTE √Ä TARTINER NOISETTES ET CACAO;√âpicerie sucr√©e
WEETABIX;Fruits & L√©gumes
EL BARAKA CONFITURE DE FRAISES 430 G;Fruits & L√©gumes
PUR BEURRE DE CACAHU√àTE;Fruits & L√©gumes
NOCCIOLATA BIO;√âpicerie sucr√©e
CONFITURE D'ABRICOT;Fruits & L√©gumes
CRUESLY M√âLANGE DE NOIX;Fruits & L√©gumes
POULAIN;√âpicerie sucr√©e
NUTELLA;√âpicerie sucr√©e
EL BARAKA CONFITURE D'ABRICOTS 430 G;Fruits & L√©gumes
NUTELLA;√âpicerie sucr√©e
BE NUTS ! - P√ÇTE √Ä TARTINER CACAHU√àTE;Fruits & L√©gumes
FAMILY PACK;Fruits & L√©gumes
ZARTE HAFERFLOCKEN;Fruits & L√©gumes
FLOCONS D'AVOINE;Fruits & L√©gumes
NUTELLA;√âpicerie sucr√©e
100% MIE COMPLET 500G;Fruits & L√©gumes
COCA-COLA ORIGINAL TASTE;Boissons
HARRYS PAIN DE MIE 100% MIE NATURE SANS CROUTE 500G;Fruits & L√©gumes
PAIN DE MIE AMERICAN SANDWICH COMPLET SANS SUCRES AJOUT√âS 600G;Fruits & L√©gumes
HARRYS BEAU & BON PAIN DE MIE FARINE DE BLE CEREALES & GRAINES 320G;Fruits & L√©gumes
VANILLA ICE CREAM;√âpicerie sucr√©e
CRISPY MINIS CHOCO, C√âR√âALES DE BL√â COMPLET ENRICHIES EN VITAMINES ET EN FER AVEC DU CHOCOLAT;Fruits & L√©gumes
COUNTRY CRISP 4 BAIES;Fruits & L√©gumes
BISCOTTES SANS SEL ET SANS SUCRE AJOUT√âS;Fruits & L√©gumes
PAIN DE MIE AMERICAN SANDWICH RUSTIQUE SANS SUCRES AJOUT√âS 500G;Fruits & L√©gumes
LEERDAMMER ORIGINAL 8 TRANCHES 200G;Produits laitiers
NOISETTA;√âpicerie sucr√©e
BISCUITS GERME DE BL√â ET P√âPITES DE CHOCOLAT;√âpicerie sucr√©e
BEAU & BON PAIN DE MIE COMPLET LIN TOURNESOL 320G;Fruits & L√©gumes
90G FERRERO ROCHER TABLETTE LT;√âpicerie sucr√©e
LUSTUCRU GNOCCHI A PO√äLER FORMAT XXL 720G;Fruits & L√©gumes
LES TRANCHES V√âG√â HARICOTS BLANCS;Fruits & L√©gumes
ICE TEA;Boissons
FROMAGE PRODUIT LAITIERS;Produits laitiers
BIO ORGANIC OAT FLAKES;Fruits & L√©gumes
HERTA LE BON PARIS JAMBON √Ä L'√âTOUFF√âE SANS NITRITE X4-140G;Viandes & Charcuterie
PORK SAUSAGES;Viandes & Charcuterie
HERTA KNACKI VEGGIE SAUCISSES V√âG√âTALES X6 -210G;Fruits & L√©gumes
NO ARTIFICIAL ADDITIVES 6 PORK SAUSAGES;Viandes & Charcuterie
LE SUP√âRIEUR - √Ä L'ETOUFF√âE - CONSERVATION SANS NITRITE;Viandes & Charcuterie
LE SUP√âRIEUR -25% DE SEL - CONSERVATION SANS NITRITE;Viandes & Charcuterie
HERTA LE BON PARIS JAMBON SEL R√âDUIT SANS NITRITE X4-140G;Viandes & Charcuterie
BLANC DE POULET 100% FILET;Viandes & Charcuterie
BLANC DE POULET  - 25% DE SEL*;Viandes & Charcuterie
FILET DE POULET üêî R√îTI;Viandes & Charcuterie
HERTA LE BON PARIS JAMBON √Ä L'√âTOUFF√âE X4 -170G;Viandes & Charcuterie
HERTA BLANC POULET NATURE CONSERVATION SANS NITRITE X4 -140G;Viandes & Charcuterie
R√îTI DE POULET - 100% FILET;Viandes & Charcuterie
LUNCHEON;Viandes & Charcuterie
ZERO NITRITE - LE SUPERIEUR;Viandes & Charcuterie
JAM√ìN COCIDO NATURAL;Viandes & Charcuterie
PECHUGA PAVO  FINAS LONCHAS;Viandes & Charcuterie
CHICKEN ITALIA CHIPOLATAS;Viandes & Charcuterie
HERTA LARDONS FUM√âS CONSERVATION SANS NITRITE - 2X75G;Viandes & Charcuterie
LINCOLNSHIRE SAUSAGES;Fruits & L√©gumes
MAYONNAISE RECETTE ORIGINALE;√âpicerie sal√©e
STAR BRANDED IODIZED SALT;√âpicerie sal√©e
KETCHUP;√âpicerie sal√©e
MAYONNAISE;√âpicerie sal√©e
PESTO GENOVESE 190G BARILLA;√âpicerie sal√©e
TOMATO KETCHUP;√âpicerie sal√©e
VEGAN BOUILLON POWDER REDUCED SALT;Fruits & L√©gumes
TOMATO KETCHUP;√âpicerie sal√©e
CLARA MITCHELL TOMATO SAUCE;√âpicerie sal√©e
REAL MAYONNAISE;√âpicerie sal√©e
MAYONNAISE;√âpicerie sal√©e
SERIOUSLY GOOD TIMES MAYONNAISE;√âpicerie sal√©e
STAR MOUTARDE;√âpicerie sal√©e
REAL MAYONNAISE;√âpicerie sal√©e
MOUTARDE DE DIJON;√âpicerie sal√©e
TOMATEN KETCHUP;√âpicerie sal√©e
BASILICO 400G EU;√âpicerie sal√©e
TOMATE FRITO;√âpicerie sal√©e
ORANGE JUICE;Boissons
GER√ñSTETE MANDEL OHNE ZUCKER;Boissons
OHNE ZUCKER HAFER;Boissons
OAT DRINK BARISTA EDITION;Boissons
GREEN TEA;Boissons
GER√ñSTETE MANDEL;Boissons
OAT;Boissons
RICORE ORIGINAL;Boissons
BIO-ALMOND-MANDELMILCH;Boissons
CAPPY PULPY;Boissons
PRESSUP;Boissons
RICOR√â ORIGINAL;Boissons
BJORG AMANDE ALMOND SANS SUGRES- NO SUGAR;Fruits & L√©gumes
D√âLICIEUSE & TROPICAL COCO;Boissons
41022;Boissons
HAFER BARISTA EDITION;Boissons
PET 2L OASIS TROPICAL;Boissons
PRESS UP;Boissons
CHICOR√âE SOLUBLE NATURE;Boissons
RICORE;Boissons
BAKED BEANS;Fruits & L√©gumes
CONCENTR√â DE TOMATES AICHA;Fruits & L√©gumes
DELICIA DOUBLE CONCENTRE DE TOMATES;Fruits & L√©gumes
TOMATES CERISES ALLONG√âES;Fruits & L√©gumes
DOUBLE CONCENTR√â DE TOMATES;Fruits & L√©gumes
RATATOUILLE CUISIN√âE √Ä LA PROVEN√áALE CASSEGRAIN 380G;Fruits & L√©gumes
AICHA TOMATO PASTE;Fruits & L√©gumes
DOUBLE CONCENTRE DE TOMATE;Fruits & L√©gumes
CHOPPED TOMATOES;Fruits & L√©gumes
RAW KIMCHI;Fruits & L√©gumes
FRESHONA TOMATO PASSATA;Fruits & L√©gumes
PASSATA DI POMODORO;Fruits & L√©gumes
CREMA DE CACAHUETE;Fruits & L√©gumes
ITALIAN TOMATO PUR√âE DOUBLE CONCENTRATE;Fruits & L√©gumes
ITALIAN CHOPPED TOMATOES;Fruits & L√©gumes
CAROTTES R√ÇP√âES;Fruits & L√©gumes
CHOPPED TOMATOES;Fruits & L√©gumes
ITALIAN TOMATO PUR√âE;Fruits & L√©gumes
DOUBLE CONCENTR√â DE TOMATES;Fruits & L√©gumes
AUBERGINES CUISIN√âES √Ä LA PROVEN√áALE;Fruits & L√©gumes
EXCELLENCE NOIR PRODIGIEUX 90% CACAO;√âpicerie sucr√©e
EXCELLENCE 70% COCOA INTENSE DARK;√âpicerie sucr√©e
TONIK;Fruits & L√©gumes
EXCELLENCE 85% CACAO RICH DARK;√âpicerie sucr√©e
DARK CHOCOLATE 85% COCOA;√âpicerie sucr√©e
ORGANIC 70% DARK CHOCOLATE BAR;√âpicerie sucr√©e
EXCELLENCE NOIR INTENSE 70% CACAO;Ferment
DARK CHOCOLATE;√âpicerie sucr√©e
EXCELLENCE NOIR PUISSANT 85% CACAO;√âpicerie sucr√©e
EXTRA DARK CHOCOLATE 74% CACAO;√âpicerie sucr√©e
1848 CHOCOLAT EN POUDRE;Boissons
DARK CHOCOLATE 70%;√âpicerie sucr√©e
BITTER EXTRA KRAFTIG;√âpicerie sucr√©e
NESTL√â DESSERT;√âpicerie sucr√©e
CHOCOLAT AU LAIT;√âpicerie sucr√©e
BIO CHOCOLAT NOIR CACAO 70%;√âpicerie sucr√©e
DOUX 70% NOIR SUBTIL;√âpicerie sucr√©e
NESQUIK;Boissons
CHOCOLAT NOIR 92% CACAO;√âpicerie sucr√©e
FILETS DE MAQUEREAU;Poisson & Fruits de mer
SARDINES HUILE D'OLIVE VIERGE EXTRA;Poisson & Fruits de mer
ATUN;Poisson & Fruits de mer
JOLY THON ENTIER;Poisson & Fruits de mer
ATUN C / TOMATE ISABEL;Poisson & Fruits de mer
MIETTES DE MAQUEREAUX;Poisson & Fruits de mer
THON JOLY;Poisson & Fruits de mer
PLAIN SARDINES;Poisson & Fruits de mer
TAM THON ENTIER A L'HUILE;Poisson & Fruits de mer
FILETS DE MAQUEREAUX AU VIN BLANC;Poisson & Fruits de mer
FILET DE MAQUEREAUX AU NATUREL;Poisson & Fruits de mer
THON ENTIER AU NATUREL ALBACORE;Poisson & Fruits de mer
FILETS DE MAQUEREAUX √Ä LA MOUTARDE;Poisson & Fruits de mer
FILETS DE MAQUEREAUX GRILL√âS NATURES;Poisson & Fruits de mer
AT√öN CLARO EN ACEITE DE OLIVA;Poisson & Fruits de mer
CABILLAUD SAUCE CITRON RIZ AUX PETITS L√âGUMES;Poisson & Fruits de mer
OMAR;Boissons
COD FISH FINGERS;Poisson & Fruits de mer
LE MOELLEUX;Poisson & Fruits de mer
PRINCE GO√õT CHOCOLAT;√âpicerie sucr√©e
TONIK;Fruits & L√©gumes
S√âSAME;√âpicerie sucr√©e
ZERO SIN AZ√öCARES FIBRA;√âpicerie sucr√©e
HENRY‚ÄôS;√âpicerie sucr√©e
KING COOKIES;√âpicerie sucr√©e
SABLE COCO HENRY S 42G;√âpicerie sucr√©e
FOURR√âS CHOCOLAT NOIR;√âpicerie sucr√©e
HENRY‚ÄôS;√âpicerie sucr√©e
MOMO BLACK;√âpicerie sucr√©e
BISCUITS CROQUANTS AU COEUR ONCTUEUX DE NUTELLA¬Æ;√âpicerie sucr√©e
EYOO COVER;√âpicerie sucr√©e
POMME üçè üçé NOISETTEü•ú;√âpicerie sucr√©e
2 BARS MILK AND HAZELNUTS;√âpicerie sucr√©e
FIGUE & SON;√âpicerie sucr√©e
PETIT BEURRE;√âpicerie sucr√©e
KING COOKIES CHOCO;√âpicerie sucr√©e
GRANOLA;√âpicerie sucr√©e
HENRY'S SABLE COCO BISCUIT 85G;√âpicerie sucr√©e
BISCUIT RAISINS;√âpicerie sucr√©e
CONFITURE DE FRAISE;Fruits & L√©gumes
A√èN SOLTANE;Boissons
FRUIT & NUT MIX;Fruits & L√©gumes
STRAWBERRY JAM;Fruits & L√©gumes
D√âLICIA - CONFITURE D'ABRICOT;Fruits & L√©gumes
POM'POTES COMPOTES GOURDES POMME NATURE 1X90G;Fruits & L√©gumes
DOCE EXTRA MORANGO;Fruits & L√©gumes
RASPBERRY CONSERVE;Fruits & L√©gumes
CONFITURE DE FRAISES AICHA;Fruits & L√©gumes
COCOA ORANGE FRUIT & NUT BARS;Fruits & L√©gumes
CONFITURE DE FRAISES;Fruits & L√©gumes
EL BARAKA;Fruits & L√©gumes
CONFITURE FRAISES;Fruits & L√©gumes
COCOA ORANGE;Fruits & L√©gumes
CROWNFIELD PREMIUM FRUIT AND NUT MUESLI;Fruits & L√©gumes
ABRICOT SEC;Fruits & L√©gumes
NUT & FRUIT MIX CLASSIC;Fruits & L√©gumes
D√âLICIA - CONFITURE D'ABRICOT;Fruits & L√©gumes
CONFITURE DE FRAISE;Fruits & L√©gumes
NUTELLA;√âpicerie sucr√©e
CONFITURE DE FRAISE;Fruits & L√©gumes
NUTELLA;√âpicerie sucr√©e
NOCCIOLATA;√âpicerie sucr√©e
P√ÇTE √Ä TARTINER NOISETTES ET CACAO;√âpicerie sucr√©e
EL BARAKA CONFITURE DE FRAISES 430 G;Fruits & L√©gumes
PUR BEURRE DE CACAHU√àTE;Fruits & L√©gumes
NOCCIOLATA BIO;√âpicerie sucr√©e
CONFITURE D'ABRICOT;Fruits & L√©gumes
POULAIN;√âpicerie sucr√©e
NUTELLA;√âpicerie sucr√©e
EL BARAKA CONFITURE D'ABRICOTS 430 G;Fruits & L√©gumes
NUTELLA;√âpicerie sucr√©e
BE NUTS ! - P√ÇTE √Ä TARTINER CACAHU√àTE;Fruits & L√©gumes
NUTELLA;√âpicerie sucr√©e
NUTELLA;√âpicerie sucr√©e
NUTELLA;√âpicerie sucr√©e
PERIPELLA;√âpicerie sucr√©e
NUTELLA;√âpicerie sucr√©e
BISCOFF CREAMY;Fruits & L√©gumes
BAKED BEANS;Fruits & L√©gumes
SARDINES HUILE D'OLIVE VIERGE EXTRA;Poisson & Fruits de mer
ATUN;Poisson & Fruits de mer
RATATOUILLE CUISIN√âE √Ä LA PROVEN√áALE CASSEGRAIN 380G;Fruits & L√©gumes
CHICKPEAS IN WATER;Fruits & L√©gumes
JOLY THON ENTIER;Poisson & Fruits de mer
BAKED BEANS;Fruits & L√©gumes
CHOPPED TOMATOES;Fruits & L√©gumes
ATUN C / TOMATE ISABEL;Poisson & Fruits de mer
MIETTES DE MAQUEREAUX;Poisson & Fruits de mer
PRINGLES;Fruits & L√©gumes
PITTED GREEN OLIVES;Fruits & L√©gumes
HEINZ BAKED BEANS;Fruits & L√©gumes
RATATOUILLE CUISIN√âE √Ä LA PROVEN√áALE;Fruits & L√©gumes
BAKED BEANS;Fruits & L√©gumes
ITALIAN CHOPPED TOMATOES;Fruits & L√©gumes
KOKOSMILCH;Fruits & L√©gumes
LENTILLES PR√âPAR√âES;Fruits & L√©gumes
CHOPPED TOMATOES;Fruits & L√©gumes
CHICKPEAS IN WATER;Fruits & L√©gumes
PERLY;Produits laitiers
FROMAGE BLANC NATURE;Produits laitiers
YAOURT NATURE;Produits laitiers
ASSIL;Produits laitiers
CREMY;Produits laitiers
JAMILA;Fruits & L√©gumes
SKYR NATURE 0%;Produits laitiers
DANONE ASSIL BANANE;Produits laitiers
RA√éBI;Produits laitiers
TENDRE NATURE;Produits laitiers
NATURAL YOGURT;Produits laitiers
YAOURT GREC MUESLI;Produits laitiers
DANINO;Produits laitiers
GHILAL YAOURT ZR3;Produits laitiers
YEO VALLEY ORGANIC KEFIR NATURAL FERMENTED YOGURT;Fruits & L√©gumes
YAOURT TENDRE;Produits laitiers
5% GREEK YOGURT;Produits laitiers
MUSCLY LA FORCE POUR GRANDIR;Produits laitiers
SOURDOUGH WHITE CIABATTIN BREAD;Fruits & L√©gumes
WHITE SOURDOUGH BREAD;Fruits & L√©gumes
SOURDOUGH GRAINS & SEEDS;Fruits & L√©gumes
TARTINE CROUSTILLANTE AUTHENTIQUE;Fruits & L√©gumes
PAIN DE MIE GRANDES TRANCHES SEIGLE & GRAINES 500G;Fruits & L√©gumes
SOURDOUGH BREAD - SUPERB SPROUTED GRAINS N¬∞7;Fruits & L√©gumes
FIBRES;Fruits & L√©gumes
KRISPROLLS COMPLETS SANS SUCRES AJOUT√âS;Fruits & L√©gumes
14 MAXI TRANCHES COMPLET SANS SUCRES AJOUT√âS;Fruits & L√©gumes
TARTINES CRAQUANTES AU SARRASIN IMP;Fruits & L√©gumes
DARK RYE CRISPBREAD;Fruits & L√©gumes
PAIN DE MIE BIO;Fruits & L√©gumes
WHOLEGRAIN RYE BREAD;Fruits & L√©gumes
SEED SENSATIONS;Fruits & L√©gumes
BAKERY CO. 5 THE ORIGINAL BAGELS;Fruits & L√©gumes
RYE & MIXED SEED SOURDOUGH BREAD;Fruits & L√©gumes
TARTINES CAMPAGNE 450G;Fruits & L√©gumes
PAIN DE MIE GRANDES TRANCHES SP√âCIAL SANDWICH COMPLET;Fruits & L√©gumes
SEEDED SOURDOUGH BREAD;Fruits & L√©gumes
WASA;Fruits & L√©gumes
CONFITURE DE FRAISE;Fruits & L√©gumes
MARGARINE LA PRAIRIE 225G;Fruits & L√©gumes
FAMILIA 200G;Fruits & L√©gumes
TARTINE DOUX;Fruits & L√©gumes
EL BARAKA CONFITURE DE FRAISES 430 G;Fruits & L√©gumes
PUR BEURRE DE CACAHU√àTE;Fruits & L√©gumes
CONFITURE D'ABRICOT;Fruits & L√©gumes
EL BARAKA CONFITURE D'ABRICOTS 430 G;Fruits & L√©gumes
PRIMEV√àRE BIO DOUX TARTINE & CUISSON;Fruits & L√©gumes
BE NUTS ! - P√ÇTE √Ä TARTINER CACAHU√àTE;Fruits & L√©gumes
LA PRAIRIE CLASSIQUE;Fruits & L√©gumes
VEGETABLE FAT SPREAD WITH 10% OLIVE OIL;Fruits & L√©gumes
BEURRE BIO CACAHU√àTE;Fruits & L√©gumes
ST HUBERT BIO & V√âG√âTAL;Fruits & L√©gumes
MENGUY'S PEANUT 100%;Fruits & L√©gumes
CREMA DE CACAHUETE;Fruits & L√©gumes
FLORA BUTTERY;Fruits & L√©gumes
STRAWBERRY JAM;Fruits & L√©gumes
LIGHTLY SEA SALTED;Fruits & L√©gumes
ORIGINAL;√âpicerie sucr√©e
SOUR CREAM & ONION;√âpicerie sucr√©e
CHIPS;Fruits & L√©gumes
PRINGLES SARE;Fruits & L√©gumes
PRINGLES ORIGINAL;√âpicerie sucr√©e
LIGHTLY SALTED LOW FAT CORN CAKES;Fruits & L√©gumes
KRIT KRITITAS GALLETAS SALADAS;√âpicerie sucr√©e
PRINGLES ORIGINAL;√âpicerie sucr√©e
LENTIL & PEA VEGGIE CAKES - BEETROOT & BALSAMIC;√âpicerie sucr√©e
PRINGLES;√âpicerie sucr√©e
SEA SALT & CIDER VINEGAR CHIPS;Fruits & L√©gumes
SOUR CREAM & ONION;√âpicerie sucr√©e
PROPERCHIPS SEA SALT LENTIL CHIPS;√âpicerie sucr√©e
PRINGLES ORIGINAL;√âpicerie sucr√©e
THE ORIGINAL CRUNCHY RYE BREADS;Fruits & L√©gumes
SUPER SEEDED OATCAKES;√âpicerie sucr√©e
CHIPS DE LENTILLES SAVEUR FINES HERBES;√âpicerie sucr√©e
MULTIGRAIN CRUNCHY RYE BREADS;Fruits & L√©gumes
FILETS DE MAQUEREAU;Poisson & Fruits de mer
SARDINES HUILE D'OLIVE VIERGE EXTRA;Poisson & Fruits de mer
ATUN;Poisson & Fruits de mer
JOLY THON ENTIER;Poisson & Fruits de mer
ATUN C / TOMATE ISABEL;Poisson & Fruits de mer
MIETTES DE MAQUEREAUX;Poisson & Fruits de mer
THON JOLY;Poisson & Fruits de mer
PLAIN SARDINES;Poisson & Fruits de mer
TAM THON ENTIER A L'HUILE;Poisson & Fruits de mer
FILETS DE MAQUEREAUX AU VIN BLANC;Poisson & Fruits de mer
FILET DE MAQUEREAUX AU NATUREL;Poisson & Fruits de mer
THON ENTIER AU NATUREL ALBACORE;Poisson & Fruits de mer
FILETS DE MAQUEREAUX √Ä LA MOUTARDE;Poisson & Fruits de mer
FILETS DE MAQUEREAUX GRILL√âS NATURES;Poisson & Fruits de mer
AT√öN CLARO EN ACEITE DE OLIVA;Poisson & Fruits de mer
CABILLAUD SAUCE CITRON RIZ AUX PETITS L√âGUMES;Poisson & Fruits de mer
COD FISH FINGERS;Poisson & Fruits de mer
LE MOELLEUX;Poisson & Fruits de mer
THON A LHUILE;Poisson & Fruits de mer
PERLY;Produits laitiers
FROMAGE BLANC NATURE;Produits laitiers
YAOURT NATURE;Produits laitiers
ASSIL;Produits laitiers
CREMY;Produits laitiers
JAMILA;Fruits & L√©gumes
SKYR NATURE 0%;Produits laitiers
DANONE ASSIL BANANE;Produits laitiers
RA√éBI;Produits laitiers
TENDRE NATURE;Produits laitiers
NATURAL YOGURT;Produits laitiers
YAOURT GREC MUESLI;Produits laitiers
DANINO;Produits laitiers
GHILAL YAOURT ZR3;Produits laitiers
YEO VALLEY ORGANIC KEFIR NATURAL FERMENTED YOGURT;Fruits & L√©gumes
YAOURT TENDRE;Produits laitiers
5% GREEK YOGURT;Produits laitiers
MUSCLY LA FORCE POUR GRANDIR;Produits laitiers
MAYONNAISE RECETTE ORIGINALE;√âpicerie sal√©e
SPREADABLE SLIGHTLY SALTED;Produits laitiers
MARGARINE LA PRAIRIE 225G;Fruits & L√©gumes
FAMILIA 200G;Fruits & L√©gumes
TARTINE DOUX;Fruits & L√©gumes
MAYONNAISE;√âpicerie sal√©e
HUILE DE TABLE LIO;Fruits & L√©gumes
PRIMEV√àRE BIO DOUX TARTINE & CUISSON;Fruits & L√©gumes
LE BEURRE TENDRE DOUX;Produits laitiers
LA PRAIRIE CLASSIQUE;Fruits & L√©gumes
HUILE DE TABLE √âQUILIBR√âE RICHE EN VITAMINES A,E,D3;Fruits & L√©gumes
BEURRE FRAIS PASTEURIS√â;Produits laitiers
VEGETABLE FAT SPREAD WITH 10% OLIVE OIL;Fruits & L√©gumes
MAYONNAISE;√âpicerie sal√©e
ST HUBERT BIO & V√âG√âTAL;Fruits & L√©gumes
FLORA BUTTERY;Fruits & L√©gumes
TARTINE DOUX;Fruits & L√©gumes
PROACTIV MARGARINE TARTINE;Fruits & L√©gumes
FILETS DE MAQUEREAU;Poisson & Fruits de mer
SARDINES HUILE D'OLIVE VIERGE EXTRA;Poisson & Fruits de mer
ATUN;Poisson & Fruits de mer
JOLY THON ENTIER;Poisson & Fruits de mer
ATUN C / TOMATE ISABEL;Poisson & Fruits de mer
MIETTES DE MAQUEREAUX;Poisson & Fruits de mer
THON JOLY;Poisson & Fruits de mer
PLAIN SARDINES;Poisson & Fruits de mer
TAM THON ENTIER A L'HUILE;Poisson & Fruits de mer
FILETS DE MAQUEREAUX AU VIN BLANC;Poisson & Fruits de mer
FILET DE MAQUEREAUX AU NATUREL;Poisson & Fruits de mer
THON ENTIER AU NATUREL ALBACORE;Poisson & Fruits de mer
FILETS DE MAQUEREAUX √Ä LA MOUTARDE;Poisson & Fruits de mer
FILETS DE MAQUEREAUX GRILL√âS NATURES;Poisson & Fruits de mer
AT√öN CLARO EN ACEITE DE OLIVA;Poisson & Fruits de mer
CABILLAUD SAUCE CITRON RIZ AUX PETITS L√âGUMES;Poisson & Fruits de mer
COD FISH FINGERS;Poisson & Fruits de mer
LE MOELLEUX;Poisson & Fruits de mer
THON A LHUILE;Poisson & Fruits de mer
SPAGHETTI N.5;Fruits & L√©gumes
INDOMIE SHRIMP NOODLES;Fruits & L√©gumes
BARILLA PENNE RIGATE FULLKORN 500G;Fruits & L√©gumes
PENNE RIGATE N¬∞73;Fruits & L√©gumes
NOUILLES INSTANTAN√âES GO√õT POULET;Fruits & L√©gumes
FUSILLI;Fruits & L√©gumes
INSTANT NUDELN - CHICKEN FLAVOUR;Fruits & L√©gumes
P√ÇTES SPAGHETTI AU BL√â COMPLET INTEGRAL 500G;Fruits & L√©gumes
LASAGNE ALL'UOVO;Fruits & L√©gumes
INDOMIE;Fruits & L√©gumes
TORTELLINI RICOTTA & √âPINARDS;Fruits & L√©gumes
MEDIUM EGG NOODLES IMP;Fruits & L√©gumes
P√ÇTES SPAGHETTI N¬∞5 1KG;Fruits & L√©gumes
TORTELLONI RICOTTA ET √âPINARDS;Fruits & L√©gumes
RANA SPINACH AND RICOTTA FRESH TORTELLONI;Fruits & L√©gumes
SPAGHETTI SENZA GLUTINE;Fruits & L√©gumes
P√ÇTES LINGUINE COLLEZIONE 500G;Fruits & L√©gumes
LE RAVIOLI PUR BOEUF;Fruits & L√©gumes
SHIN RAMYUN NOODLE GOURMET SPICY;Fruits & L√©gumes
TOURTEL TWIST;Boissons
CORONA EXTRA;Boissons
DESPERADOS ORIGINAL AGUARDIENTE;Fruits & L√©gumes
PASTIS DE MARSEILLE;Boissons
1664;Boissons
OVOMALTINE - VITAMIN & MINERAL BARS, 5 CT 100G (3.5OZ);Fruits & L√©gumes
WAFER SANDWICH;Boissons
THE ORIGINAL IRISH CREAM;Boissons
GRIMBERGEN BLONDE;Boissons
LEFFE BLONDE üç∫;Boissons
BAILEYS;Boissons
BIERE BUD;Fruits & L√©gumes
LIVE ROSTOY;Boissons
BI√àRE BLONDE SANS ALCOOL 1664;Boissons
PR√âPARATION DE FRUITS CL√âMENTINES ET ORANGES DE CORSE;Boissons
ALKOHOLFREI;Boissons
YAOURT GREC A BOIRE;Boissons
APEROL;Boissons
UNSWEETENED ORGANIC SOYMILK;Boissons
ORGANIC GOOD SEED BREAD;Fruits & L√©gumes
ORGANIC GARBANZO BEANS;√âpicerie sucr√©e
MUESLI WHOLE GRAIN CEREAL;Fruits & L√©gumes
BARBECUE SAUCE;√âpicerie sal√©e
BLACK BEANS;Fruits & L√©gumes
PITA CHIPS;Entretien / M√©nage
MULTI GRAIN WHOLE GRAIN CRISPBREAD;Entretien / M√©nage
SHELLS & REAL AGED CHEDDAR MACARONI & CHEESE;√âpicerie sal√©e
BUTTER SPREAD WITH OLIVE OIL & SEA SALT;√âpicerie sucr√©e
REAL MAYONNAISE;√âpicerie sal√©e
BUTTER WITH CANOLA OIL;Produits laitiers
REAL MAYONNAISE;√âpicerie sal√©e
PISTACHIOS;Entretien / M√©nage
ROASTED GARLIC HUMMUS;√âpicerie sal√©e
NONFAT YOGURT;Produits laitiers
WHOLE GRAIN CRISPBREAD;Entretien / M√©nage
LOW MOISTURE PART SKIM MOZZARELLA CHEESE;Entretien / M√©nage
BLACK BEANS;Fruits & L√©gumes
ORGANIC BLACK BEANS;Fruits & L√©gumes
PAIN DE MIE GRANDES TRANCHES SEIGLE & GRAINES 500G;Fruits & L√©gumes
PIPAS;Fruits & L√©gumes
CHICKPEAS IN WATER;Fruits & L√©gumes
MUESLI CRUNCHY;Fruits & L√©gumes
PUY LENTILS & FRENCH GREEN LENTILS;Fruits & L√©gumes
PROTEIN PACKED LENTIL CAKES;Fruits & L√©gumes
IRISH ORGANIC JUMBO OATS;Fruits & L√©gumes
CERELAC;Fruits & L√©gumes
NUEZ NATURAL PELADA;Fruits & L√©gumes
TOMATOEY FRENCH PUY & GREEN LENTILS;Fruits & L√©gumes
HEINZ BAKED BEANS;Fruits & L√©gumes
SMOKY SPANISH-STYLE GRAINS & RICE;Fruits & L√©gumes
PEANUT BUTTER OAT BARS;Fruits & L√©gumes
TILDA STEAMED BROWN BASMATI RICE;Fruits & L√©gumes
LENTILLES PR√âPAR√âES;Fruits & L√©gumes
CHICKPEAS IN WATER;Fruits & L√©gumes
LENTILLES CUISIN√âES √Ä L'AUVERGNATE;Fruits & L√©gumes
FAKIAT BARBEQUE;Fruits & L√©gumes
BL√â TENDRE CUISSON 10 MIN EBLY 500 G;Fruits & L√©gumes
LES TRANCHES V√âG√â HARICOTS BLANCS;Fruits & L√©gumes
BAKED BEANS;Fruits & L√©gumes
PUR BEURRE DE CACAHU√àTE;Fruits & L√©gumes
BE NUTS ! - P√ÇTE √Ä TARTINER CACAHU√àTE;Fruits & L√©gumes
TOFOO NAKED;Fruits & L√©gumes
BEURRE BIO CACAHU√àTE;Fruits & L√©gumes
MENGUY'S PEANUT 100%;Fruits & L√©gumes
CREMA DE CACAHUETE;Fruits & L√©gumes
CRUNCHY PEANUT BUTTER;Fruits & L√©gumes
MENGUY'S BEURRE DE CACAHU√àTES CREAMY;Fruits & L√©gumes
CRUNCHY PEANUT BUTTER;Fruits & L√©gumes
CHICKPEAS IN WATER;Fruits & L√©gumes
PUY LENTILS & FRENCH GREEN LENTILS;Fruits & L√©gumes
100% CACAHUETES;Fruits & L√©gumes
BAKED BEANS;Fruits & L√©gumes
BEURRE DE CACAHU√àTES;Fruits & L√©gumes
CRUNCHY PEANUT BUTTER;Fruits & L√©gumes
SOYAMILCH;Boissons
PEANUT BUTTER CREAMY;Fruits & L√©gumes
SMOOTH PEANUT BUTTER;Fruits & L√©gumes
TONIK;Fruits & L√©gumes
COSUMAR SUCRE EN LINGOT POUR LE TH√â 1 KG;√âpicerie sucr√©e
SUNNY VIA AGAVE SYRUP SQUEEZE BOTTLE IMP;Fruits & L√©gumes
SIROP D'√âRABLE AMBR√â GO√õT RICHE;√âpicerie sucr√©e
RUNNY HONEY IMP;√âpicerie sucr√©e
POUDRE STEVIA;Fruits & L√©gumes
SQUEEZY HONEY;√âpicerie sucr√©e
MIEL CR√âMEUX FRAN√áAIS & RESPONSABLE;√âpicerie sucr√©e
TARTIMIEL¬Æ LUNE DE MIEL¬Æ DOSEUR 250 G;Fruits & L√©gumes
SIROP D'AGAVE;√âpicerie sucr√©e
MIEL DE FLEURS;√âpicerie sucr√©e
ORGANIC CLASSIC CANADIAN MAPLE SYRUP;√âpicerie sucr√©e
MIEL DE FLEURS LIQUIDE DOSEUR 500G;√âpicerie sucr√©e
ENMER;√âpicerie sucr√©e
AGAVE NECTAR;Fruits & L√©gumes
CANADIAN MAPLE SYRUP;√âpicerie sucr√©e
SUCRE AR√îME VANILLE;√âpicerie sucr√©e
SCIROPPO D'ACERO CANADESE;√âpicerie sucr√©e
CASSONADE PURE CANNE;√âpicerie sucr√©e
VANILLA ICE CREAM;√âpicerie sucr√©e
NOISETTA;√âpicerie sucr√©e
ICE PULPE ORANGE 1.5CL;Boissons
TRADITIONAL DAIRY ICE CREAM;√âpicerie sucr√©e
NUTELLA-EIS;√âpicerie sucr√©e
CARTE D'OR LES ESSENTIELS GLACE CR√àME GLAC√âE VANILLE 700ML;√âpicerie sucr√©e
SWEDISH GLACE DAIRY-FREE SMOOTH VANILLA;Fruits & L√©gumes
CHOCOLATE FUDGE BROWNIE;√âpicerie sucr√©e
CLOTTED CREAM ICE CREAM;√âpicerie sucr√©e
MAGADASCAN VANILLA;√âpicerie sucr√©e
TROPICAL PASSIONFRUIT & MANGO MOCHI ICE CREAM;√âpicerie sucr√©e
TASTE THE DIFFERENCE VANILLA ICE CREAM;√âpicerie sucr√©e
BON GELATI PREMIUM ALMOND ICE CREAM;√âpicerie sucr√©e
ORGANIC VANILLA ICE CREAM;√âpicerie sucr√©e
STRAWBERRIES & CREAM ICE CREAM;√âpicerie sucr√©e
GLACES AMANDE;√âpicerie sucr√©e
OASIS SORBET TROPICAL;√âpicerie sucr√©e
DELUXE MADAGASCAR VANILLA ICE CREAM;√âpicerie sucr√©e
SALTED CARAMEL ICE CREAM;√âpicerie sucr√©e
MARGARINE LA PRAIRIE 225G;Fruits & L√©gumes
FAMILIA 200G;Fruits & L√©gumes
TARTINE DOUX;Fruits & L√©gumes
HUILE DE TABLE LIO;Fruits & L√©gumes
PRIMEV√àRE BIO DOUX TARTINE & CUISSON;Fruits & L√©gumes
LA PRAIRIE CLASSIQUE;Fruits & L√©gumes
HUILE DE TABLE √âQUILIBR√âE RICHE EN VITAMINES A,E,D3;Fruits & L√©gumes
VEGETABLE FAT SPREAD WITH 10% OLIVE OIL;Fruits & L√©gumes
ST HUBERT BIO & V√âG√âTAL;Fruits & L√©gumes
FLORA BUTTERY;Fruits & L√©gumes
TARTINE DOUX;Fruits & L√©gumes
PROACTIV MARGARINE TARTINE;Fruits & L√©gumes
OM√âGA 3¬Æ DOUX;Fruits & L√©gumes
HULE D'OLIVE;Fruits & L√©gumes
HUILE D'OLIVE VIERGE EXTRA;Fruits & L√©gumes
HOUILOR;Fruits & L√©gumes
OM√âGA 3 DOUX TARTINE & CUISSON;Fruits & L√©gumes
VEGAN SPREAD;Fruits & L√©gumes
GER√ñSTETE MANDEL OHNE ZUCKER;Boissons
ALMONDS;Fruits & L√©gumes
CASHEWKERNE NATURBELASSEN;Fruits & L√©gumes
PUR BEURRE DE CACAHU√àTE;Fruits & L√©gumes
GER√ñSTETE MANDEL;Boissons
BIO-ALMOND-MANDELMILCH;Boissons
MENGUY'S PEANUT 100%;Fruits & L√©gumes
CREMA DE CACAHUETE;Fruits & L√©gumes
PROTEIN CACAHUETESü•ú & CHOCOLATüç´;Fruits & L√©gumes
CRUNCHY PEANUT BUTTER;Fruits & L√©gumes
PARANUSSKERNE;Fruits & L√©gumes
MENGUY'S BEURRE DE CACAHU√àTES CREAMY;Fruits & L√©gumes
BJORG AMANDE ALMOND SANS SUGRES- NO SUGAR;Fruits & L√©gumes
CRUNCHY PEANUT BUTTER;Fruits & L√©gumes
DORSET CEREALS SIMPLY NUTTY;Fruits & L√©gumes
BARRES DE FRUITS SECS & NOIX MYRTILLES;Fruits & L√©gumes
PROTEIN COCOA HAZELNUT BARS;Fruits & L√©gumes
EXCELLENCE NOIR PRODIGIEUX 90% CACAO;√âpicerie sucr√©e
EXCELLENCE 70% COCOA INTENSE DARK;√âpicerie sucr√©e
EXCELLENCE 85% CACAO RICH DARK;√âpicerie sucr√©e
DARK CHOCOLATE 85% COCOA;√âpicerie sucr√©e
ORGANIC 70% DARK CHOCOLATE BAR;√âpicerie sucr√©e
EXCELLENCE NOIR INTENSE 70% CACAO;Ferment
DARK CHOCOLATE;√âpicerie sucr√©e
EXCELLENCE NOIR PUISSANT 85% CACAO;√âpicerie sucr√©e
EXTRA DARK CHOCOLATE 74% CACAO;√âpicerie sucr√©e
DARK CHOCOLATE 70%;√âpicerie sucr√©e
BITTER EXTRA KRAFTIG;√âpicerie sucr√©e
NESTL√â DESSERT;√âpicerie sucr√©e
CHOCOLAT AU LAIT;√âpicerie sucr√©e
BIO CHOCOLAT NOIR CACAO 70%;√âpicerie sucr√©e
DOUX 70% NOIR SUBTIL;√âpicerie sucr√©e
CHOCOLAT NOIR 92% CACAO;√âpicerie sucr√©e
ECUADOR DARK CHOCOLATE;√âpicerie sucr√©e
DARK MILK CHOCOLATE;√âpicerie sucr√©e
P'TIT NATURE COMPLET;√âpicerie sucr√©e
PETITES MADELEINES;√âpicerie sucr√©e
NAPOLITAIN;√âpicerie sucr√©e
PETITS FOURS FINANCIERS;√âpicerie sucr√©e
MERENDINA BIG;√âpicerie sucr√©e
MILKA GALETTE CHOCO;√âpicerie sucr√©e
DELUCE;√âpicerie sucr√©e
SPOFY;√âpicerie sucr√©e
GERBL√â - SUGAR FREE COCONUT COOKIE, 132G (4.7OZ);√âpicerie sucr√©e
LA MADELEINE PUR BEURRE;√âpicerie sucr√©e
PETITES MADELEINES P√âPITES CHOCOLAT;√âpicerie sucr√©e
SAVANE;√âpicerie sucr√©e
GERBL√â - SABL√âS SANS SUCRES SAVEUR CITRON ET YUZU, 132G (4.7OZ);√âpicerie sucr√©e
KINDER - DELICE X10, 390G (13.8OZ);√âpicerie sucr√©e
HOHOS;√âpicerie sucr√©e
BIMO;√âpicerie sucr√©e
MALT LOAF;√âpicerie sucr√©e
EXCELO NOUGAT;√âpicerie sucr√©e
HOHOS;√âpicerie sucr√©e
RUNNY HONEY IMP;√âpicerie sucr√©e
SQUEEZY HONEY;√âpicerie sucr√©e
MIEL CR√âMEUX FRAN√áAIS & RESPONSABLE;√âpicerie sucr√©e
TARTIMIEL¬Æ LUNE DE MIEL¬Æ DOSEUR 250 G;Fruits & L√©gumes
MIEL DE FLEURS;√âpicerie sucr√©e
MIEL DE FLEURS LIQUIDE DOSEUR 500G;√âpicerie sucr√©e
MIEL DE MONTAGNE;√âpicerie sucr√©e
HONEY;√âpicerie sucr√©e
MIEL D'EUCALYPTUS;√âpicerie sucr√©e
HONEY;√âpicerie sucr√©e
RUNNY HONEY;√âpicerie sucr√©e
MIEL DE FLORES;√âpicerie sucr√©e
MIEL DE FLEURS BIO LIQUIDE DOSEUR 500G;√âpicerie sucr√©e
MIEL DE FRANCE;√âpicerie sucr√©e
RUNNY HONEY;√âpicerie sucr√©e
BIO FL√úSSIGER HONIG GOLDKLAR;√âpicerie sucr√©e
BLOSSOM HONEY;√âpicerie sucr√©e
MIEL DE FLEURS CR√âMEUX;√âpicerie sucr√©e
ORGANIC HONEY;√âpicerie sucr√©e
LIGHT & MILD HONEY;√âpicerie sucr√©e
VEGAN BOUILLON POWDER REDUCED SALT;Fruits & L√©gumes
ORGANIC VEGETABLE STOCK CUBES;Fruits & L√©gumes
FRUIT & NUT MIX;Fruits & L√©gumes
ORGANIC CHICKEN STOCK CUBES 8 PACK;√âpicerie sucr√©e
COCOA ORANGE FRUIT & NUT BARS;Fruits & L√©gumes
INDOMIE SHRIMP NOODLES;Fruits & L√©gumes
ORGANIC BEEF STOCK CUBES 8 PACK;√âpicerie sal√©e
VERY LOW SALT ORGANIC VEGETABLE 6 STOCK CUBES;Fruits & L√©gumes
NOUILLES INSTANTAN√âES GO√õT POULET;Fruits & L√©gumes
INSTANT NUDELN - CHICKEN FLAVOUR;Fruits & L√©gumes
ABRICOT SEC;Fruits & L√©gumes
NUT & FRUIT MIX CLASSIC;Fruits & L√©gumes
CASHEW-CRANBERRY-MIX;Fruits & L√©gumes
NIDO;Boissons
NAN OPTIPRO;Boissons
INDOMIE;Fruits & L√©gumes
VEGETABLE STOCK POT 8 X IMP;Fruits & L√©gumes
VEGETABLE STOCK CUBES 8 X IMP;Fruits & L√©gumes
ORANGE JUICE;Boissons
CAPPY PULPY;Boissons
PRESSUP;Boissons
PET 2L OASIS TROPICAL;Boissons
PRESS UP;Boissons
SHOT DE GINGEMBRE BIO;Boissons
JUTOS;Fruits & L√©gumes
JUTOS COCKTAIL;Boissons
ASSIRI PANACH√â;Boissons
POMS;Boissons
JUTOS;Boissons
FRUITY BLACK CURRANTS;Fruits & L√©gumes
PAGO ACE - ORANGE - CAROTTE - CITRON;Boissons
COLA;Boissons
SUCCO DI LIMONE;Boissons
ORANGINA ET SA PULPE !;Fruits & L√©gumes
PRESS UP MINI;Boissons
33CL CAN SLIM TROPICAL;Boissons
ICE POMME 1.5L;Fruits & L√©gumes
ORANGINA;Boissons
CONCENTR√â DE TOMATES AICHA;Fruits & L√©gumes
TOMATES CERISES ALLONG√âES;Fruits & L√©gumes
AICHA TOMATO PASTE;Fruits & L√©gumes
CHOPPED TOMATOES;Fruits & L√©gumes
CREMA DE CACAHUETE;Fruits & L√©gumes
ITALIAN TOMATO PUR√âE DOUBLE CONCENTRATE;Fruits & L√©gumes
ITALIAN CHOPPED TOMATOES;Fruits & L√©gumes
CAROTTES R√ÇP√âES;Fruits & L√©gumes
CHOPPED TOMATOES;Fruits & L√©gumes
AUBERGINES CUISIN√âES √Ä LA PROVEN√áALE;Fruits & L√©gumes
COURGETTES CUISIN√âES √Ä LA PROVEN√áALE;Fruits & L√©gumes
PASSIERTE TOMATE;Fruits & L√©gumes
CHOPPED TOMATOES;Fruits & L√©gumes
SOLIS;Fruits & L√©gumes
CAROTTES R√ÇP√âES √Ä LA CIBOULETTE;Fruits & L√©gumes
HARICOTS VERTS 100G ENVIRON 25 CAL;Fruits & L√©gumes
ITALIAN CHOPPED TOMATOES IN TOMATO JUICE;Fruits & L√©gumes
BATCHELORS : MUSHY ORIGINAL;Fruits & L√©gumes
GESCH√ÑLTE TOMATEN;Fruits & L√©gumes
CHOPPED TOMATOES;Fruits & L√©gumes
BAKED BEANS;Fruits & L√©gumes
RATATOUILLE CUISIN√âE √Ä LA PROVEN√áALE CASSEGRAIN 380G;Fruits & L√©gumes
CHICKPEAS IN WATER;Fruits & L√©gumes
BAKED BEANS;Fruits & L√©gumes
CHOPPED TOMATOES;Fruits & L√©gumes
HEINZ BAKED BEANS;Fruits & L√©gumes
BAKED BEANS;Fruits & L√©gumes
ITALIAN CHOPPED TOMATOES;Fruits & L√©gumes
LENTILLES PR√âPAR√âES;Fruits & L√©gumes
CHOPPED TOMATOES;Fruits & L√©gumes
CHICKPEAS IN WATER;Fruits & L√©gumes
CHICK PEAS IN SALTED WATER;Fruits & L√©gumes
COURGETTES CUISIN√âES √Ä LA PROVEN√áALE;Fruits & L√©gumes
GREEN LENTILS IN WATER;Fruits & L√©gumes
CHICKPEAS IN WATER;Fruits & L√©gumes
LENTILLES CUISIN√âES √Ä L'AUVERGNATE;Fruits & L√©gumes
CHICKPEAS IN WATER;Fruits & L√©gumes
BUTTERBEANS IN WATER;Fruits & L√©gumes
CHOPPED TOMATOES;Fruits & L√©gumes
COOKED CHICKPEAS;Fruits & L√©gumes
LEVURE DE BI√àRE;Additif
PROTEIN CACAHUETESü•ú & CHOCOLATüç´;Fruits & L√©gumes
PROTEIN COCOA HAZELNUT BARS;Fruits & L√©gumes
COCOA ORANGE FRUIT & NUT BARS;Fruits & L√©gumes
HIPRO 15G PROT√âINES;Produits laitiers
HIGH PROTEIN DRINK CACAO;Boissons
PROTEIN CARAMEL SAL√â CACAHU√àTES;Fruits & L√©gumes
PREMIUM OMEGA-3;√âpicerie sal√©e
PROTEIN OAT BOOSTS COCOA VANILLA;√âpicerie sucr√©e
PROTEIN COCOA HAZELNUT BAR;Fruits & L√©gumes
BARRE C√âR√âALES PROT√âINES PEANUT& CHOCOLATüç´;√âpicerie sucr√©e
MULTIVITAMIN;Hygi√®ne
HIGH PROTEIN DRINK GUSTO VANIGLIA;Boissons
SPORT;Produits laitiers
PROTEIN SALTED CARAMEL NUT;√âpicerie sucr√©e
HUEL READY-TO-DRINK - CHOCOLATE;√âpicerie sal√©e
HIGH PROTEIN MOUSSE LIDL;Produits laitiers
CHERGUI PROTEINE;Boissons
FILETS DE MAQUEREAU;Poisson & Fruits de mer
SARDINES HUILE D'OLIVE VIERGE EXTRA;Poisson & Fruits de mer
ATUN;Poisson & Fruits de mer
JOLY THON ENTIER;Poisson & Fruits de mer
ATUN C / TOMATE ISABEL;Poisson & Fruits de mer
MIETTES DE MAQUEREAUX;Poisson & Fruits de mer
THON JOLY;Poisson & Fruits de mer
PLAIN SARDINES;Poisson & Fruits de mer
TAM THON ENTIER A L'HUILE;Poisson & Fruits de mer
FILETS DE MAQUEREAUX AU VIN BLANC;Poisson & Fruits de mer
FILET DE MAQUEREAUX AU NATUREL;Poisson & Fruits de mer
THON ENTIER AU NATUREL ALBACORE;Poisson & Fruits de mer
FILETS DE MAQUEREAUX √Ä LA MOUTARDE;Poisson & Fruits de mer
FILETS DE MAQUEREAUX GRILL√âS NATURES;Poisson & Fruits de mer
AT√öN CLARO EN ACEITE DE OLIVA;Poisson & Fruits de mer
THON A LHUILE;Poisson & Fruits de mer
THON ENTIER AU NATUREL;Poisson & Fruits de mer
DELFY;Poisson & Fruits de mer
FILETS DE SARDINES CITRON BASILIC;Poisson & Fruits de mer
HUILE DE TABLE LIO;Fruits & L√©gumes
HUILE DE TABLE √âQUILIBR√âE RICHE EN VITAMINES A,E,D3;Fruits & L√©gumes
HULE D'OLIVE;Fruits & L√©gumes
HUILE D'OLIVE VIERGE EXTRA;Fruits & L√©gumes
HOUILOR;Fruits & L√©gumes
LIO HUILE DE TABLE;Fruits & L√©gumes
HUILE D'OLIVE VIERGE DE MAROC;Fruits & L√©gumes
HUILE LESIEUR 3 GRAINES;Fruits & L√©gumes
HUILE D'OLIVE;Fruits & L√©gumes
HUILE D'OLIVE VIERGE EXTRA BIO CLASSICO;Fruits & L√©gumes
HUILE D‚ÄôOLIVE;Fruits & L√©gumes
HUILE DE TOURNESOL;Fruits & L√©gumes
HEMANI COCONUT OIL PURE & NATURAL (400ML);Fruits & L√©gumes
HUILE DE GRIGNON D‚ÄôOLIVE;Fruits & L√©gumes
OLIVE OIL;Fruits & L√©gumes
AFIA;Fruits & L√©gumes
EXTRA VIRGIN OLIVE OIL;Fruits & L√©gumes
HUILE D'OLIVE BIO;Fruits & L√©gumes
HUILE D'OLIVE VIERGE EXTRA;Fruits & L√©gumes
HUILE ISIO 4;Fruits & L√©gumes
ORANGE JUICE;Boissons
CAPPY PULPY;Boissons
PRESSUP;Boissons
PRESS UP;Boissons
SHOT DE GINGEMBRE BIO;Boissons
JUTOS;Fruits & L√©gumes
JUTOS COCKTAIL;Boissons
JUTOS;Boissons
PAGO ACE - ORANGE - CAROTTE - CITRON;Boissons
SUCCO DI LIMONE;Boissons
PRESS UP MINI;Boissons
ICE POMME 1.5L;Fruits & L√©gumes
ORANGENSAFT;Fruits & L√©gumes
SIMON LIFE;Fruits & L√©gumes
JUICY ORANGES WHOLE FRUIT SQUASH;Boissons
LE BIO POUR TOUTE LA FAMILLE MULTIFRUIT;Fruits & L√©gumes
PULPY P√àCNE;Fruits & L√©gumes
TROPICANA 100% ORANGES PRESS√âES SANS PULPE FORMAT FAMILIAL 1,5 L;Fruits & L√©gumes
NECTAR DE POMMES - DOUX - BIO;Fruits & L√©gumes
HAWAI ANANAS 1L;Fruits & L√©gumes
WEETABIX;Fruits & L√©gumes
CRUESLY M√âLANGE DE NOIX;Fruits & L√©gumes
FAMILY PACK;Fruits & L√©gumes
ZARTE HAFERFLOCKEN;Fruits & L√©gumes
FLOCONS D'AVOINE;Fruits & L√©gumes
CROUSTILLANT CHOCOLAT;Fruits & L√©gumes
WEETABIX ORIGINAL;Fruits & L√©gumes
36 WHEAT BISKS;Fruits & L√©gumes
MUESLI RAISIN, FIGUE, ABRICOT;Fruits & L√©gumes
SPECIAL MUESLI 30% FRUITS & NOIX;Fruits & L√©gumes
QUAKER ROLLED OATS;Fruits & L√©gumes
MUESLI SUPERFRUITS RAISINS, CASSIS,CRANBERRY, MYRTILLE;Fruits & L√©gumes
CORN FLAKES;Fruits & L√©gumes
FLOCONS D'AVOINE COMPL√àTE;Fruits & L√©gumes
COUNTRY CRISP 4 NOIX;Fruits & L√©gumes
COPOS DE AVENA;Fruits & L√©gumes
DORSET CEREALS SIMPLY NUTTY;Fruits & L√©gumes
MUESLI CRUNCHY;Fruits & L√©gumes
BITESIZE SHREDDED WHEAT;Fruits & L√©gumes
WHEAT BISCUITS;Fruits & L√©gumes
TONIK;Fruits & L√©gumes
DARK CHOCOLATE;√âpicerie sucr√©e
TOFFIFEE;√âpicerie sucr√©e
KINDER BUENO WHITE;√âpicerie sucr√©e
CHOCOLATE;√âpicerie sucr√©e
PEANUT;√âpicerie sucr√©e
TOBLERONE;√âpicerie sucr√©e
TONIK;√âpicerie sucr√©e
COCO SPECIALTY;√âpicerie sucr√©e
FERRERO ROCHER;√âpicerie sucr√©e
KINDER COUNTRY;√âpicerie sucr√©e
KINDER BUENO;√âpicerie sucr√©e
MERCI FINEST SELECTION ASSORTED CHOCOLATES;√âpicerie sucr√©e
DARK CHOCOLATE NUTS & SEA SALT BARS;Fruits & L√©gumes
SNICKERS;√âpicerie sucr√©e
TWIX DOUBLE;√âpicerie sucr√©e
FERRERO ROCHER;√âpicerie sucr√©e
KINDER - DELICE X10, 390G (13.8OZ);√âpicerie sucr√©e
KITKAT;√âpicerie sucr√©e
BLANC DE POULET;Viandes & Charcuterie
HERTA BLANC POULET NATURE CONSERVATION SANS NITRITE X4 -140G;Viandes & Charcuterie
R√îTI DE POULET - 100% FILET;Viandes & Charcuterie
CHICKEN ITALIA CHIPOLATAS;Viandes & Charcuterie
AIGUILLETTES DE POULET ROTI;Viandes & Charcuterie
TIRAS POLLO AL NATURAL;Viandes & Charcuterie
PECHUGUITA DE POLLO ASADA AL HORNO;Viandes & Charcuterie
L'ESCALOPE CORDON BLEU POULET;Viandes & Charcuterie
LIGHTLY SALTED CORN CAKES;Viandes & Charcuterie
HERTA BLANC POULET SEL R√âDUIT SANS NITRITE X4 140G;Viandes & Charcuterie
TIRAS DE PECHUGA DE POLLO AL HORNO;Viandes & Charcuterie
PAN√âS DE POULET X2;Viandes & Charcuterie
FILET DE POULET R√îTI;Viandes & Charcuterie
EMINC√âS DE POULET - R√îTIS AU FOUR;Viandes & Charcuterie
CARNE DE KEBAB POLLO;Viandes & Charcuterie
YAOURT;Boissons
BLANC DE POULET  - 25% DE SEL*;Viandes & Charcuterie
AIGUILLETTES DE POULET AU MIEL ET AUX √âPICES SEMOULE;Viandes & Charcuterie
BLANC DE POULET - R√îTI √Ä LA BROCHE;Viandes & Charcuterie
TABOUL√â AU POULET √Ä LA CIBOULETTE;√âpicerie sucr√©e
GREEN TEA;Boissons
41022;Boissons
CHICOR√âE SOLUBLE NATURE;Boissons
LE CHOCO;Boissons
NESCAF√â SPECIAL FILTRE L'ORIGINAL FLACON DE 200G;Boissons
BENCO ORIGINAL;Boissons
NESCAF√â NES, CAF√â SOLUBLE, BOITE DE 200G;Boissons
CAF√â MOULU PUR ARABICA DES PETITS PRODUCTEURS;Fruits & L√©gumes
BANANIA ORIGINAL - CACAO C√âR√âALES TOUCHE DE BANANE & MIEL;Boissons
CHICOREE SOLUBLE NATURE BIO 100G;Boissons
RICOR√â ORIGINAL CAF√â & CHICOR√âE;Boissons
PET 1.2L MAYTEA MENTHE;Boissons
CARTE NOIRE;Boissons
APPLE & RAISIN OAT BAR;Boissons
BOURNVILLE COCOA;Boissons
INFUSION TOUCHE D'HIBISCUS;Fruits & L√©gumes
FAMILIAL;Fruits & L√©gumes
TH√â;Fruits & L√©gumes
ORIGINAL TASTE;Boissons
OULMES NATURAL CARBONATED WATER;Boissons
BTE 33CL SLIM COCA COLA;Boissons
OULMES EAU GAZEUSE;Fruits & L√©gumes
COCA-COLA ZERO SUGAR - 330 ML;Boissons
HAWAI TROPICAL;Boissons
S. PELLEGRINO WATER;Boissons
LA SALVETAT;Boissons
COCA-COLA ZERO AZ√öCAR;Boissons
COCA COLA 500ML;Boissons
ZERO SUGAR;Boissons
COCA-COLA;Boissons
COCA COLA;Boissons
EAU MIN√âRALE NATURELLE GAZEUSE;Boissons
OULM√àS EAU MINERALE NATURELLEMENT GAZEUSE;Fruits & L√©gumes
COCA-COLA ORIGINAL TASTE;Boissons
SPRITE;Fruits & L√©gumes
CRISTALINE EAU DE SOURCE P√âTILLANTE 1,5L;Fruits & L√©gumes
COCA-COLA SLIM 25CL;Boissons
PRINCE GO√õT CHOCOLAT;√âpicerie sucr√©e
TONIK;Fruits & L√©gumes
S√âSAME;√âpicerie sucr√©e
ZERO SIN AZ√öCARES FIBRA;√âpicerie sucr√©e
HENRY‚ÄôS;√âpicerie sucr√©e
KING COOKIES;√âpicerie sucr√©e
SABLE COCO HENRY S 42G;√âpicerie sucr√©e
HENRY‚ÄôS;√âpicerie sucr√©e
MOMO BLACK;√âpicerie sucr√©e
ORIGINAL;√âpicerie sucr√©e
BISCUITS CROQUANTS AU COEUR ONCTUEUX DE NUTELLA¬Æ;√âpicerie sucr√©e
POMME üçè üçé NOISETTEü•ú;√âpicerie sucr√©e
2 BARS MILK AND HAZELNUTS;√âpicerie sucr√©e
FIGUE & SON;√âpicerie sucr√©e
GRANOLA;√âpicerie sucr√©e
HENRY'S SABLE COCO BISCUIT 85G;√âpicerie sucr√©e
BISCUIT RAISINS;√âpicerie sucr√©e
NUTRI+ AVOINE CHOCOLAT;√âpicerie sucr√©e
DIGESTIVES;√âpicerie sucr√©e
LIGHTLY SALTED LOW FAT CORN CAKES;Fruits & L√©gumes
CONFITURE DE FRAISE;Fruits & L√©gumes
EL BARAKA CONFITURE DE FRAISES 430 G;Fruits & L√©gumes
CONFITURE D'ABRICOT;Fruits & L√©gumes
EL BARAKA CONFITURE D'ABRICOTS 430 G;Fruits & L√©gumes
STRAWBERRY JAM;Fruits & L√©gumes
D√âLICIA - CONFITURE D'ABRICOT;Fruits & L√©gumes
DELICIA;Fruits & L√©gumes
DOCE EXTRA MORANGO;Fruits & L√©gumes
RASPBERRY CONSERVE;Fruits & L√©gumes
CONFITURE DE FRAISES AICHA;Fruits & L√©gumes
CONFITURE DE FRAISES;Fruits & L√©gumes
EL BARAKA;Fruits & L√©gumes
CONFITURE FRAISES;Fruits & L√©gumes
FRAISE INTENSE;Fruits & L√©gumes
D√âLICIA - CONFITURE D'ABRICOT;Fruits & L√©gumes
DOUBLE CONCENTR√â DE TOMATES;Fruits & L√©gumes
CONFITURE DE FRAISE;Fruits & L√©gumes
LA DELICIEUSE;Fruits & L√©gumes
CONFITURE FRAISE -30% DE SUCRES;Fruits & L√©gumes
RUNNY HONEY IMP;√âpicerie sucr√©e
SQUEEZY HONEY;√âpicerie sucr√©e
MIEL CR√âMEUX FRAN√áAIS & RESPONSABLE;√âpicerie sucr√©e
TARTIMIEL¬Æ LUNE DE MIEL¬Æ DOSEUR 250 G;Fruits & L√©gumes
MIEL DE FLEURS;√âpicerie sucr√©e
MIEL DE FLEURS LIQUIDE DOSEUR 500G;√âpicerie sucr√©e
MIEL DE MONTAGNE;√âpicerie sucr√©e
HONEY;√âpicerie sucr√©e
MIEL D'EUCALYPTUS;√âpicerie sucr√©e
HONEY;√âpicerie sucr√©e
RUNNY HONEY;√âpicerie sucr√©e
MIEL DE FLORES;√âpicerie sucr√©e
MIEL DE FLEURS BIO LIQUIDE DOSEUR 500G;√âpicerie sucr√©e
MIEL DE FRANCE;√âpicerie sucr√©e
RUNNY HONEY;√âpicerie sucr√©e
BIO FL√úSSIGER HONIG GOLDKLAR;√âpicerie sucr√©e
BLOSSOM HONEY;√âpicerie sucr√©e
MIEL DE FLEURS CR√âMEUX;√âpicerie sucr√©e
ORGANIC HONEY;√âpicerie sucr√©e
LIGHT & MILD HONEY;√âpicerie sucr√©e
BAKED BEANS;Fruits & L√©gumes
CHICKPEAS IN WATER;Fruits & L√©gumes
PUY LENTILS & FRENCH GREEN LENTILS;Fruits & L√©gumes
BAKED BEANS;Fruits & L√©gumes
PROTEIN PACKED LENTIL CAKES;Fruits & L√©gumes
TOMATOEY FRENCH PUY & GREEN LENTILS;Fruits & L√©gumes
HEINZ BAKED BEANS;Fruits & L√©gumes
BAKED BEANS;Fruits & L√©gumes
LENTILLES PR√âPAR√âES;Fruits & L√©gumes
CHICKPEAS IN WATER;Fruits & L√©gumes
LENTILLES CUISIN√âES √Ä L'AUVERGNATE;Fruits & L√©gumes
YANKEE;Fruits & L√©gumes
LES TRANCHES V√âG√â HARICOTS BLANCS;Fruits & L√©gumes
ORIGINAL SALTED PEANUTS;Fruits & L√©gumes
CHICK PEAS IN SALTED WATER;Fruits & L√©gumes
LENTILLES CUISIN√âES, RIZ & SOJA;Fruits & L√©gumes
GREEN LENTILS IN WATER;Fruits & L√©gumes
CACAHU√àTES - GRILL√âES & SAL√âES;Fruits & L√©gumes
GREEN LENTILS IN WATER;Fruits & L√©gumes
PAAHDETTU MAAP√ÑHKIN√Ñ;Fruits & L√©gumes
CHEDDAR;Produits laitiers
COULOMMIERS DOUX ET CR√âMEUX;Produits laitiers
CAPRICE DES DIEUX;Produits laitiers
LE GO√õT PRIMEUR FORMAT FAMILIAL;Produits laitiers
PRESIDENT CAMEMBERT 250G;Produits laitiers
MATURE CHEDDAR;Produits laitiers
GARLIC & HERBS SOFT FRENCH CHEESE;Produits laitiers
SUAVE;Produits laitiers
L'ORIGINAL TARTARE AIL & FINES HERBES;Produits laitiers
LEERDAMMER ORIGINAL 8 TRANCHES 200G;Produits laitiers
NATURAL COTTAGE CHEESE;Produits laitiers
MOZZARELLA;Produits laitiers
CHAUSSEE AUX MOINES 340G;Produits laitiers
PHILADELPHIA NATURE 300G;Produits laitiers
PRESIDENT EMMENTAL COEUR DE MEULE 250G;Produits laitiers
EMMENTAL R√ÇP√â;Produits laitiers
MATURE CHEDDAR;Produits laitiers
PAYSAN BRETON - LE FROMAGE FOUETT√â MADAME LO√èK - AIL ET FINES HERBES DE NOS R√âGIONS FRAN√áAISES;Produits laitiers
CAMEMBERT;Produits laitiers
HULE D'OLIVE;Fruits & L√©gumes
HUILE D'OLIVE VIERGE EXTRA;Fruits & L√©gumes
HOUILOR;Fruits & L√©gumes
LIO HUILE DE TABLE;Fruits & L√©gumes
HUILE D'OLIVE VIERGE DE MAROC;Fruits & L√©gumes
HUILE D'OLIVE;Fruits & L√©gumes
HUILE D'OLIVE VIERGE EXTRA BIO CLASSICO;Fruits & L√©gumes
HUILE D‚ÄôOLIVE;Fruits & L√©gumes
HUILE DE GRIGNON D‚ÄôOLIVE;Fruits & L√©gumes
OLIVE OIL;Fruits & L√©gumes
PITTED GREEN OLIVES;Fruits & L√©gumes
EXTRA VIRGIN OLIVE OIL;Fruits & L√©gumes
HUILE D'OLIVE BIO;Fruits & L√©gumes
HUILE D'OLIVE VIERGE EXTRA;Fruits & L√©gumes
HUILE D'OLIVE;Fruits & L√©gumes
HUILE D'OLIVE VIERGE EXTRA;Fruits & L√©gumes
HUILE D'OLIVE;Fruits & L√©gumes
HUILE D‚ÄôOLIVE VIERGE EXTRA;Fruits & L√©gumes
HUILE D'OLIVE VIERGE EXTRA GRANFRUTTATO;Fruits & L√©gumes
HUILE D\'OLIVE;Fruits & L√©gumes
BLANC DE POULET;Viandes & Charcuterie
HERTA BLANC POULET NATURE CONSERVATION SANS NITRITE X4 -140G;Viandes & Charcuterie
R√îTI DE POULET - 100% FILET;Viandes & Charcuterie
AIGUILLETTES DE POULET ROTI;Viandes & Charcuterie
TIRAS POLLO AL NATURAL;Viandes & Charcuterie
PECHUGUITA DE POLLO ASADA AL HORNO;Viandes & Charcuterie
LIGHTLY SALTED CORN CAKES;Viandes & Charcuterie
TIRAS DE PECHUGA DE POLLO AL HORNO;Viandes & Charcuterie
PAN√âS DE POULET X2;Viandes & Charcuterie
FILET DE POULET R√îTI;Viandes & Charcuterie
EMINC√âS DE POULET - R√îTIS AU FOUR;Viandes & Charcuterie
CARNE DE KEBAB POLLO;Viandes & Charcuterie
BLANC DE POULET  - 25% DE SEL*;Viandes & Charcuterie
AIGUILLETTES DE POULET AU MIEL ET AUX √âPICES SEMOULE;Viandes & Charcuterie
BLANC DE POULET - R√îTI √Ä LA BROCHE;Viandes & Charcuterie
TABOUL√â AU POULET √Ä LA CIBOULETTE;√âpicerie sucr√©e
CHICKEN DIPPERS;Viandes & Charcuterie
CORDONS BLEUS DE POULET;Viandes & Charcuterie
FINE DE POULET;Viandes & Charcuterie
HERTA KNACKI SAUCISSES 100% POULET X6 - 210G;Viandes & Charcuterie
RUNNY HONEY IMP;√âpicerie sucr√©e
SQUEEZY HONEY;√âpicerie sucr√©e
MIEL CR√âMEUX FRAN√áAIS & RESPONSABLE;√âpicerie sucr√©e
TARTIMIEL¬Æ LUNE DE MIEL¬Æ DOSEUR 250 G;Fruits & L√©gumes
MIEL DE FLEURS;√âpicerie sucr√©e
MIEL DE FLEURS LIQUIDE DOSEUR 500G;√âpicerie sucr√©e
MIEL DE MONTAGNE;√âpicerie sucr√©e
HONEY;√âpicerie sucr√©e
MIEL D'EUCALYPTUS;√âpicerie sucr√©e
HONEY;√âpicerie sucr√©e
RUNNY HONEY;√âpicerie sucr√©e
MIEL DE FLORES;√âpicerie sucr√©e
MIEL DE FLEURS BIO LIQUIDE DOSEUR 500G;√âpicerie sucr√©e
MIEL DE FRANCE;√âpicerie sucr√©e
RUNNY HONEY;√âpicerie sucr√©e
BIO FL√úSSIGER HONIG GOLDKLAR;√âpicerie sucr√©e
BLOSSOM HONEY;√âpicerie sucr√©e
MIEL DE FLEURS CR√âMEUX;√âpicerie sucr√©e
ORGANIC HONEY;√âpicerie sucr√©e
LIGHT & MILD HONEY;√âpicerie sucr√©e
LIGHTLY SEA SALTED;Fruits & L√©gumes
SOUR CREAM & ONION;√âpicerie sucr√©e
CHIPS;Fruits & L√©gumes
PRINGLES SARE;Fruits & L√©gumes
PRINGLES ORIGINAL;√âpicerie sucr√©e
PRINGLES ORIGINAL;√âpicerie sucr√©e
PRINGLES;√âpicerie sucr√©e
SEA SALT & CIDER VINEGAR CHIPS;Fruits & L√©gumes
SOUR CREAM & ONION;√âpicerie sucr√©e
PROPERCHIPS SEA SALT LENTIL CHIPS;√âpicerie sucr√©e
PRINGLES ORIGINAL;√âpicerie sucr√©e
CHIPS DE LENTILLES SAVEUR FINES HERBES;√âpicerie sucr√©e
LAY'S CUITES AU FOUR NATURE;Fruits & L√©gumes
SOUR CREAM & ONION¬Æ;Fruits & L√©gumes
PRINGLES SOUR CREAM;Fruits & L√©gumes
PRINGLES;Fruits & L√©gumes
PELOTAZOS FUTEBOLAS;√âpicerie sucr√©e
PRINGLES TEXAS BBQ 165G AJMAN;√âpicerie sucr√©e
CHIPS SAVEUR FROMAGE DU JURA;Fruits & L√©gumes
BONBON √Ä LA S√àVE DE PIN;√âpicerie sucr√©e
300G DRAGIBUS SOFT HARIBO;√âpicerie sucr√©e
230G VICHY MENTHE;√âpicerie sucr√©e
CHAMALLOW;√âpicerie sucr√©e
220G TAGADA DOYPACK HARIBO;√âpicerie sucr√©e
50G RICOLA CITRON MELISSE;√âpicerie sucr√©e
CROCO;√âpicerie sucr√©e
MENTOS FRUIT;√âpicerie sucr√©e
JELLY SNAKES;√âpicerie sucr√©e
50G RICOLA FRAMBOISE MELISSE;√âpicerie sucr√©e
50G RICOLA EUCALYPTUS;√âpicerie sucr√©e
TAGADA, L'ORIGINALE;√âpicerie sucr√©e
600G HAPPY BOX HARIBO;√âpicerie sucr√©e
200G SCOUBIDOU LUTTI;√âpicerie sucr√©e
LONGFIZZ;√âpicerie sucr√©e
GAUFRES C√îTE D‚ÄôOR;√âpicerie sucr√©e
WRIGLEYS EXTRA SPEARMINT 84G;√âpicerie sucr√©e
SCHTROUMPFS;√âpicerie sucr√©e
A√èN SOLTANE;Boissons
COCOA ORANGE;Fruits & L√©gumes
CROWNFIELD PREMIUM FRUIT AND NUT MUESLI;Fruits & L√©gumes
CR√àME YAOURT BRASS√â üçã;Fruits & L√©gumes
ASSAISONNEMENT AROMATISE AU CITRON;Fruits & L√©gumes
BIO KNUSPER M√úSLI FR√úCHTE;Fruits & L√©gumes
PERLY FA√áON TARTE AUX FRAISES;Fruits & L√©gumes
SOFT PITTED DATES;Fruits & L√©gumes
COMPOTE POMME NATURE;Fruits & L√©gumes
JUS JOKER MULTIFRUIT;Fruits & L√©gumes
GREEK FETA;Fruits & L√©gumes
DATTELN;Fruits & L√©gumes
SOFT DATES;Fruits & L√©gumes
PRUNEAUX D'AGEN D√âNOYAUT√âS;Fruits & L√©gumes
ANANAS. ST√úCKE;Fruits & L√©gumes
BIO ET √âQUITABLE;Fruits & L√©gumes
APFELSAFT AUS APFELSAFTKONZENTRAT;Boissons
PI√ëA EN SU JUGO;Fruits & L√©gumes
ALMONDS;Fruits & L√©gumes
CASHEWKERNE NATURBELASSEN;Fruits & L√©gumes
MENGUY'S PEANUT 100%;Fruits & L√©gumes
PARANUSSKERNE;Fruits & L√©gumes
MENGUY'S BEURRE DE CACAHU√àTES CREAMY;Fruits & L√©gumes
DORSET CEREALS SIMPLY NUTTY;Fruits & L√©gumes
PISTACHES DE CALIFORNIE;Fruits & L√©gumes
PISTACCHI;Fruits & L√©gumes
NUEZ NATURAL PELADA;Fruits & L√©gumes
PECAN NUTS NATURAL;Fruits & L√©gumes
CREMA DE CACAHUETE;Fruits & L√©gumes
HASELNUSSKERNE GER√ñSTET;Fruits & L√©gumes
YANKEE;Fruits & L√©gumes
CREMA DE CACAHUETE AMENDOIM;Fruits & L√©gumes
ORIGINAL SALTED PEANUTS;Fruits & L√©gumes
CACAHU√àTES - GRILL√âES & SAL√âES;Fruits & L√©gumes
PAAHDETTU MAAP√ÑHKIN√Ñ;Fruits & L√©gumes
GRAZE MARMITE CRUNCH;Fruits & L√©gumes
LIGHTLY SEA SALTED;Fruits & L√©gumes
SOUR CREAM & ONION;√âpicerie sucr√©e
CHIPS;Fruits & L√©gumes
PRINGLES SARE;Fruits & L√©gumes
PRINGLES ORIGINAL;√âpicerie sucr√©e
PRINGLES ORIGINAL;√âpicerie sucr√©e
PRINGLES;√âpicerie sucr√©e
SEA SALT & CIDER VINEGAR CHIPS;Fruits & L√©gumes
SOUR CREAM & ONION;√âpicerie sucr√©e
PROPERCHIPS SEA SALT LENTIL CHIPS;√âpicerie sucr√©e
PRINGLES ORIGINAL;√âpicerie sucr√©e
CHIPS DE LENTILLES SAVEUR FINES HERBES;√âpicerie sucr√©e
LAY'S CUITES AU FOUR NATURE;Fruits & L√©gumes
SOUR CREAM & ONION¬Æ;Fruits & L√©gumes
PRINGLES SOUR CREAM;Fruits & L√©gumes
PRINGLES;Fruits & L√©gumes
PELOTAZOS FUTEBOLAS;√âpicerie sucr√©e
PRINGLES TEXAS BBQ 165G AJMAN;√âpicerie sucr√©e
CHIPS SAVEUR FROMAGE DU JURA;Fruits & L√©gumes
HERTA LE BON PARIS JAMBON √Ä L'√âTOUFF√âE SANS NITRITE X4-140G;Viandes & Charcuterie
LE SUP√âRIEUR - √Ä L'ETOUFF√âE - CONSERVATION SANS NITRITE;Viandes & Charcuterie
LE SUP√âRIEUR -25% DE SEL - CONSERVATION SANS NITRITE;Viandes & Charcuterie
HERTA LE BON PARIS JAMBON SEL R√âDUIT SANS NITRITE X4-140G;Viandes & Charcuterie
HERTA LE BON PARIS JAMBON √Ä L'√âTOUFF√âE X4 -170G;Viandes & Charcuterie
ZERO NITRITE - LE SUPERIEUR;Viandes & Charcuterie
JAM√ìN COCIDO NATURAL;Viandes & Charcuterie
JAM√ìN COCIDO EXTRA;Viandes & Charcuterie
HERTA LE BON PARIS JAMBON √Ä L'√âTOUFF√âE X6 -255G;Viandes & Charcuterie
JAMON SERRANO;Viandes & Charcuterie
JAMBON SIMPLEMENT BIO - CONSERVATION SANS NITRITE;Viandes & Charcuterie
ALLUMETTES DE JAMBON;Viandes & Charcuterie
LE TRANCH√â FIN - D√âGUSTATION - 25% DE SEL*;Viandes & Charcuterie
JAMBON LE SUP√âRIEUR -25% DE SEL;Viandes & Charcuterie
LE JAMBON SUP√âRIEUR SANS COUENNE SANS NITRITE;Viandes & Charcuterie
FINAS LONCHAS;Viandes & Charcuterie
HERTA LE BON PARIS JAMBON √Ä L'√âTOUFF√âE SANS NITRITE X6 -210G;Viandes & Charcuterie
HERTA LE BON PARIS JAMBON SEL R√âDUIT X4 - 140G;Viandes & Charcuterie
LE TORCHON - CUIT √Ä L'ETOUFF√âE  - 25% DE SEL*;Viandes & Charcuterie
JAMON COCIDO;Viandes & Charcuterie
CAPPY PULPY;Boissons
PRESSUP;Boissons
PRESS UP;Boissons
SHOT DE GINGEMBRE BIO;Boissons
JUTOS;Fruits & L√©gumes
JUTOS COCKTAIL;Boissons
JUTOS;Boissons
PAGO ACE - ORANGE - CAROTTE - CITRON;Boissons
SUCCO DI LIMONE;Boissons
PRESS UP MINI;Boissons
ICE POMME 1.5L;Fruits & L√©gumes
ORANGENSAFT;Fruits & L√©gumes
SIMON LIFE;Fruits & L√©gumes
JUICY ORANGES WHOLE FRUIT SQUASH;Boissons
PULPY P√àCNE;Fruits & L√©gumes
TROPICANA 100% ORANGES PRESS√âES SANS PULPE FORMAT FAMILIAL 1,5 L;Fruits & L√©gumes
M√âLANGES DE FRUITS;Boissons
1L PUR JUS ORANGE JOKER NEW;Fruits & L√©gumes
JUS D'ORANGE SANS PULPE;Fruits & L√©gumes
FRUTAS MEZCLADAS;Boissons
ORIGINAL TASTE;Boissons
BTE 33CL SLIM COCA COLA;Boissons
COCA-COLA ZERO SUGAR - 330 ML;Boissons
HAWAI TROPICAL;Boissons
COCA-COLA ZERO AZ√öCAR;Boissons
COCA COLA 500ML;Boissons
ZERO SUGAR;Boissons
COCA-COLA;Boissons
COCA COLA;Boissons
COCA-COLA ORIGINAL TASTE;Boissons
SPRITE;Fruits & L√©gumes
COCA-COLA SLIM 25CL;Boissons
COCA-COLA;Boissons
POMS;Boissons
PET 1.75L COCA;Fruits & L√©gumes
COLA;Boissons
ORANGINA ET SA PULPE !;Fruits & L√©gumes
COCA-COLA ZERO;Boissons
VANILLA ICE CREAM;√âpicerie sucr√©e
NOISETTA;√âpicerie sucr√©e
ICE PULPE ORANGE 1.5CL;Boissons
TRADITIONAL DAIRY ICE CREAM;√âpicerie sucr√©e
NUTELLA-EIS;√âpicerie sucr√©e
CARTE D'OR LES ESSENTIELS GLACE CR√àME GLAC√âE VANILLE 700ML;√âpicerie sucr√©e
SWEDISH GLACE DAIRY-FREE SMOOTH VANILLA;Fruits & L√©gumes
CHOCOLATE FUDGE BROWNIE;√âpicerie sucr√©e
CLOTTED CREAM ICE CREAM;√âpicerie sucr√©e
MAGADASCAN VANILLA;√âpicerie sucr√©e
TROPICAL PASSIONFRUIT & MANGO MOCHI ICE CREAM;√âpicerie sucr√©e
TASTE THE DIFFERENCE VANILLA ICE CREAM;√âpicerie sucr√©e
BON GELATI PREMIUM ALMOND ICE CREAM;√âpicerie sucr√©e
ORGANIC VANILLA ICE CREAM;√âpicerie sucr√©e
STRAWBERRIES & CREAM ICE CREAM;√âpicerie sucr√©e
GLACES AMANDE;√âpicerie sucr√©e
OASIS SORBET TROPICAL;√âpicerie sucr√©e
DELUXE MADAGASCAR VANILLA ICE CREAM;√âpicerie sucr√©e
SALTED CARAMEL ICE CREAM;√âpicerie sucr√©e
PORK SAUSAGES;Viandes & Charcuterie
HERTA KNACKI VEGGIE SAUCISSES V√âG√âTALES X6 -210G;Fruits & L√©gumes
NO ARTIFICIAL ADDITIVES 6 PORK SAUSAGES;Viandes & Charcuterie
CHICKEN ITALIA CHIPOLATAS;Viandes & Charcuterie
LINCOLNSHIRE SAUSAGES;Fruits & L√©gumes
VEGANE POMMERSCHE SCHNITTLAUCH;Fruits & L√©gumes
FUET ESPETEC EXTRA;Viandes & Charcuterie
HERTA KNACKI SAUCISSES 100% PUR PORC X10 - 350G;Viandes & Charcuterie
PROPER PORKER 6 BRITISH PORK SAUSAGES;Viandes & Charcuterie
SIMPLY CHICKEN CHIPOLATAS;Viandes & Charcuterie
HERTA KNACKI SAUCISSES 100% PUR PORC SANS NITRITE X6 -210G;Viandes & Charcuterie
EDELSALAMI DELICACY;Viandes & Charcuterie
PEANUT BUTTER CRUNCH;Fruits & L√©gumes
SALCHICHAS FRANKFURT;Viandes & Charcuterie
CRENVUR»òTI PITICEL;Viandes & Charcuterie
FINE DE POULET;Viandes & Charcuterie
HERTA KNACKI SAUCISSES 100% PUR PORC X6 - 210G;Viandes & Charcuterie
HERTA KNACKI VEGGIE SAUCISSES V√âG√âTALES X4 -140G;Fruits & L√©gumes
V√âRITABLES KNACKS D'ALSACE;Viandes & Charcuterie
HERTA KNACKI SAUCISSES 100% POULET X6 - 210G;Viandes & Charcuterie
JBEN;Produits laitiers
MARMITE YEAST EXTRACT;Produits laitiers
MARGARINE LA PRAIRIE 225G;Fruits & L√©gumes
TARTINE DOUX;Fruits & L√©gumes
JEBLI;Produits laitiers
PRIMEV√àRE BIO DOUX TARTINE & CUISSON;Fruits & L√©gumes
LA PRAIRIE CLASSIQUE;Fruits & L√©gumes
PHILADELPHIA;Produits laitiers
VEGETABLE FAT SPREAD WITH 10% OLIVE OIL;Fruits & L√©gumes
CARR√â FRAIS - NATURE;Produits laitiers
ST HUBERT BIO & V√âG√âTAL;Fruits & L√©gumes
FLORA BUTTERY;Fruits & L√©gumes
PAYSAN BRETON - LE FROMAGE FOUETT√â MADAME LO√èK - NATURE AU SEL DE GU√âRANDE;Produits laitiers
TARTINE DOUX;Fruits & L√©gumes
PROACTIV MARGARINE TARTINE;Fruits & L√©gumes
OM√âGA 3¬Æ DOUX;Fruits & L√©gumes
KIRI CARR√â 8P;Produits laitiers
ALVALLE GAZPACHO L'ORIGINAL;Fruits & L√©gumes
CREAM OF TOMATO SOUP;√âpicerie sal√©e
INSTANT NUDELN - CHICKEN FLAVOUR;Fruits & L√©gumes
CLASSIC CHICKEN SOUP;√âpicerie sal√©e
ROAST CHICKEN AND TRADITIONAL VEGETABLES;√âpicerie sal√©e
CALDO CASERO DE POLLO;√âpicerie sal√©e
VEGETABLE STOCK POT 8 X IMP;Fruits & L√©gumes
PURSOUP' VELOUT√â DE 10 L√âGUMES;Fruits & L√©gumes
GAZPACHO ORIGINAL;Fruits & L√©gumes
GAZPACHO TRADICIONAL;Fruits & L√©gumes
SHIN RAMYUN NOODLE GOURMET SPICY;Fruits & L√©gumes
VEGETABLE SOUP;Fruits & L√©gumes
KNORR SOUPE MINESTRONE √Ä L'HUILE D'OLIVE 104G 4 PORTIONS;Fruits & L√©gumes
YUM YUM SHRIMPS;Fruits & L√©gumes
MISO EASY (TRADITIONAL);Fruits & L√©gumes
MUSHROOM SOUP;Fruits & L√©gumes
COVENT GARDEN SOUP;Fruits & L√©gumes
TOMATO & BASIL;Fruits & L√©gumes
CULLY & SULLY, CHICKEN VEGETABLE SOUP;√âpicerie sal√©e
YUMYUM BEEF;Fruits & L√©gumes
CONFITURE DE FRAISE;Fruits & L√©gumes
EL BARAKA CONFITURE DE FRAISES 430 G;Fruits & L√©gumes
CONFITURE D'ABRICOT;Fruits & L√©gumes
EL BARAKA CONFITURE D'ABRICOTS 430 G;Fruits & L√©gumes
STRAWBERRY JAM;Fruits & L√©gumes
D√âLICIA - CONFITURE D'ABRICOT;Fruits & L√©gumes
DELICIA;Fruits & L√©gumes
DOCE EXTRA MORANGO;Fruits & L√©gumes
RASPBERRY CONSERVE;Fruits & L√©gumes
CONFITURE DE FRAISES AICHA;Fruits & L√©gumes
CONFITURE DE FRAISES;Fruits & L√©gumes
EL BARAKA;Fruits & L√©gumes
CONFITURE FRAISES;Fruits & L√©gumes
FRAISE INTENSE;Fruits & L√©gumes
D√âLICIA - CONFITURE D'ABRICOT;Fruits & L√©gumes
DOUBLE CONCENTR√â DE TOMATES;Fruits & L√©gumes
CONFITURE DE FRAISE;Fruits & L√©gumes
LA DELICIEUSE;Fruits & L√©gumes
CONFITURE FRAISE -30% DE SUCRES;Fruits & L√©gumes
LAIT;Produits laitiers
LAIT ENTIER UHT;Produits laitiers
LAIT FRAIS;Produits laitiers
SALIM;Produits laitiers
LAIT U.H.T ENTIER;Produits laitiers
LAIT ENTIER UHT;Produits laitiers
GER√ñSTETE MANDEL;Boissons
LBEN CARTON PASTEURISER;Boissons
LE BON LAIT;Produits laitiers
LE LAIT DEMI √âCR√âM√â;Produits laitiers
LAIT FRAIS 15 JOURS;Produits laitiers
SALIM;Produits laitiers
CROISSANCE R√âDUIT EN SUCRE;Produits laitiers
JIBAL;Produits laitiers
SEMI-SKIMMED 1.8% FAT MILK;Produits laitiers
ALBANE;Produits laitiers
RAIBI JAMILA;Boissons
PAIN DE MIE GRANDES TRANCHES SEIGLE & GRAINES 500G;Fruits & L√©gumes
MUESLI CRUNCHY;Fruits & L√©gumes
IRISH ORGANIC JUMBO OATS;Fruits & L√©gumes
CERELAC;Fruits & L√©gumes
SMOKY SPANISH-STYLE GRAINS & RICE;Fruits & L√©gumes
PEANUT BUTTER OAT BARS;Fruits & L√©gumes
TILDA STEAMED BROWN BASMATI RICE;Fruits & L√©gumes
FAKIAT BARBEQUE;Fruits & L√©gumes
BL√â TENDRE CUISSON 10 MIN EBLY 500 G;Fruits & L√©gumes
FLAXSEED;Fruits & L√©gumes
GOOD GRAINS SPANISH STYLE GRAINS;Fruits & L√©gumes
GLORIOUS GRAINS;Fruits & L√©gumes
LOVE, CORN (SEA SALT);Fruits & L√©gumes
PURE BASMATI RICE;Fruits & L√©gumes
TILDA BROWN BASMATI AND WILD RICEA;Fruits & L√©gumes
CLASSIC WHOLEGRAIN RICE;Fruits & L√©gumes
QUINOA GOURMAND;Fruits & L√©gumes
WHOLE CHIA SEEDS;Fruits & L√©gumes
RIZ BASMATI DU PENJAB;Fruits & L√©gumes
L'ORIGINAL;Fruits & L√©gumes
VEGAN BOUILLON POWDER REDUCED SALT;Fruits & L√©gumes
ORGANIC VEGETABLE STOCK CUBES;Fruits & L√©gumes
FRUIT & NUT MIX;Fruits & L√©gumes
COCOA ORANGE FRUIT & NUT BARS;Fruits & L√©gumes
ABRICOT SEC;Fruits & L√©gumes
NUT & FRUIT MIX CLASSIC;Fruits & L√©gumes
CASHEW-CRANBERRY-MIX;Fruits & L√©gumes
VEGETABLE STOCK CUBES 8 X IMP;Fruits & L√©gumes
CHICKEN STOCK POT 8 X;Fruits & L√©gumes
DRIED MANGO;Fruits & L√©gumes
SOFT PITTED DATES;Fruits & L√©gumes
SECRET D'AR√îMES PLEIN SUD;Fruits & L√©gumes
MAGGI BOUILLON BIO L√âGUMES 80G;Fruits & L√©gumes
ORGANIC SWISS VEGETABLE VEGAN BOUILLON POWDER;Fruits & L√©gumes
MAGGI BOUILLON KUB L√âGUMES;Fruits & L√©gumes
BEAR PURE FRUIT YOYOS STRAWBERRY 20G;Fruits & L√©gumes
NUTS ROYAL;Fruits & L√©gumes
BOUILLON CUBE L√âGUMES D√âGRAISS√â;Fruits & L√©gumes
MAGGI BOUILLON KUB L√âGUMES SEL R√âDUIT 120G;Fruits & L√©gumes
MARGHERITA SOURDOUGH PIZZA;√âpicerie sal√©e
PIZZA;Surgel√©s
CLASSIC MARGHERITA MOZZARELLA & TOMATO PIZZA;√âpicerie sal√©e
PIZZA BASE WITH TOMATO SAUCE;√âpicerie sal√©e
RISTORANTE PIZZA MOZZARELLA;Surgel√©s
RISTORANTE PIZZA TONNO;Surgel√©s
RISTORANTE PIZZA VEGETALE;Surgel√©s
DOLCE PIZZA PROSCIUTTO;√âpicerie sal√©e
HIGGIDY SPINACH,FETA & ROASTED PEPPER QUICHE 400G;√âpicerie sal√©e
MARGHERITA SOURDOUGH PIZZA;Surgel√©s
FIORENTINA SOURDOUGH PIZZA;√âpicerie sal√©e
TOMAPIZZA;√âpicerie sal√©e
DOLCE PIZZA - REGINA;Viandes & Charcuterie
RISTORANTE PIZZA MOZZARELLA;√âpicerie sal√©e
RISTORANTE PIZZA QUATTRO FROMAGGI;Surgel√©s
PIZZERIA STROMBOLI SPICY SALAMI;√âpicerie sal√©e
STONEBAKED THIN MARGHERITA PIZZA;Surgel√©s
STONEBAKED MARGHERITA HAND STRETCHED PIZZA;√âpicerie sal√©e
PIZZA CUITE SUR PIERRE - MARGHERITA;Surgel√©s
RATATOUILLE CUISIN√âE √Ä LA PROVEN√áALE CASSEGRAIN 380G;Fruits & L√©gumes
CHOPPED TOMATOES;Fruits & L√©gumes
ITALIAN CHOPPED TOMATOES;Fruits & L√©gumes
CHOPPED TOMATOES;Fruits & L√©gumes
COURGETTES CUISIN√âES √Ä LA PROVEN√áALE;Fruits & L√©gumes
GREEN LENTILS IN WATER;Fruits & L√©gumes
BUTTERBEANS IN WATER;Fruits & L√©gumes
CHOPPED TOMATOES;Fruits & L√©gumes
CHOPPED GARLIC;Fruits & L√©gumes
HARICOTS VERTS 100G ENVIRON 25 CAL;Fruits & L√©gumes
SONNENMAIS;Fruits & L√©gumes
CHUCRUT AL ESTILO B√ÅVARO;Fruits & L√©gumes
SMALL CHUNK PICKLE;Fruits & L√©gumes
ITALIAN CHOPPED TOMATOES IN TOMATO JUICE;Fruits & L√©gumes
BATCHELORS : MUSHY ORIGINAL;Fruits & L√©gumes
MAILLE EXTRA FINE GURKEN;Fruits & L√©gumes
GESCH√ÑLTE TOMATEN;Fruits & L√©gumes
CHOPPED TOMATOES;Fruits & L√©gumes
CHUNKY CHOPPED TOMATOES;Fruits & L√©gumes
SALADE & COMPAGNIE MANHATTAN POULET ROTI;√âpicerie sal√©e
MEAT FEAST PIZZA;√âpicerie sal√©e
POULETüêî AU CURRY ET NOIX DE COCO ü••;√âpicerie sal√©e
COUSCOUS ORIENTAL L√âGUMES CUISIN√âS ET POULET √âMINC√â;Viandes & Charcuterie
LE RAVIOLI PUR BOEUF;Fruits & L√©gumes
LE CASSOULET MITONN√â;√âpicerie sal√©e
RAVIOLI PUR B≈íUF  SANS COLORANT NI CONSERVATEUR;Fruits & L√©gumes
LE CASSOULET MITONN√â;√âpicerie sal√©e
RISOTTO POULET & C√àPES, CR√àME FRA√éCHE, PETITS OIGNONS;Viandes & Charcuterie
PAUPIETTE DE VEAU JARDINI√àRE DE L√âGUMES;Viandes & Charcuterie
DOLCE PIZZA PROSCIUTTO;√âpicerie sal√©e
PENNE AU POULET ET AU PESTO;√âpicerie sal√©e
LE CHILI CON CARNE ET SON RIZ BLANC;Viandes & Charcuterie
LA MOUSSAKA BOEUF & AUBERGINES AVEC UNE TOUCHE DE MENTHE DOUCE;Viandes & Charcuterie
HACHIS PARMENTIER EMMENTAL;Viandes & Charcuterie
MACARONI SAUCE TOMATE ET BOULETTES AU B≈íUF;√âpicerie sal√©e
EMINC√âS DE BOEUF SAUCE POIVRE & POMMES DE TERRE;Fruits & L√©gumes
LE FILET DE POULET ET SES POMMES DE TERRE √Ä LA SARLADAISE;Viandes & Charcuterie
PA√ãLLA ROYALE AUX PETITES GAMBAS ET AU SAFRAN;Poisson & Fruits de mer
LA TAJINE DE BOEUF ET SES L√âGUMES DU SOLEIL;Viandes & Charcuterie
GER√ñSTETE MANDEL OHNE ZUCKER;Boissons
OHNE ZUCKER HAFER;Boissons
OAT DRINK BARISTA EDITION;Boissons
GER√ñSTETE MANDEL;Boissons
OAT;Boissons
VANILLE AU SOJA;Fruits & L√©gumes
BIO-ALMOND-MANDELMILCH;Boissons
BJORG AMANDE ALMOND SANS SUGRES- NO SUGAR;Fruits & L√©gumes
D√âLICIEUSE & TROPICAL COCO;Boissons
NATUR MIT KOKOSNUSS;Fruits & L√©gumes
NATURAL COCONUT YOG;Fruits & L√©gumes
HAFER BARISTA EDITION;Boissons
FERMENTIERTES SOJAPRODUKT, UNGES√úSST;Fruits & L√©gumes
OHNE ZUCKERZUSATZ* MANGO;Fruits & L√©gumes
ALPRO HAFERDRINK, UNGES√úSST 1 L, FRESH;Boissons
BARISTA HAFER;Boissons
THE ORIGINAL ORGANIC OAT DRINK IMP;Fruits & L√©gumes
SOYAMILCH;Boissons
AVOINE - BOISSON BIOLOGIQUE;Fruits & L√©gumes
OAT DRINK WHOLE;Boissons
OVOMALTINE - VITAMIN & MINERAL BARS, 5 CT 100G (3.5OZ);Fruits & L√©gumes
WAFER SANDWICH;Boissons
LIVE ROSTOY;Boissons
PR√âPARATION DE FRUITS CL√âMENTINES ET ORANGES DE CORSE;Boissons
REAL TESORO CREAM;Boissons
RESERVE MALBEC;Boissons
MARTINI ROSSO;Boissons
CAMPO VIEJO RIOJA;Boissons
VIN BLANC SEC;Fruits & L√©gumes
VINAIGRE DE VIN BLANC AROMATIS√â NOIX;Fruits & L√©gumes
JAM SHED SHIRAZ;Boissons
RED BLEND FROM AUSTRALIA;Fruits & L√©gumes
VIN;Fruits & L√©gumes
MATEUS ROS√â ORIGINAL;Boissons
PRIMITIVO ROTWEIN;Boissons
ADAMA;Fruits & L√©gumes
COMTE;Boissons
GREEN TEA;Boissons
41022;Boissons
PET 1.2L MAYTEA MENTHE;Boissons
APPLE & RAISIN OAT BAR;Boissons
TH√â;Fruits & L√©gumes
GUNPOWDER TH√â VERT NATURE;Boissons
YELLOW LABEL;Boissons
THE VERT DE CHINE;Boissons
EL BELLAR THE BEST SELLING MOROCCAN GREEN TEA 200G;Fruits & L√©gumes
TH√â EARL GREY;Boissons
PEACH ICE TEA;Fruits & L√©gumes
AL AMBAR TH√â VERT EN GRAINS;Boissons
TH√â VERT GLAC√â SAVEUR CITRON VERT & MENTHE;Fruits & L√©gumes
TH√â VERT MENTHE INTENSE MENTHE VERTE & MENTHE POIVR√âE;Boissons
TH√â VERT; Boissons
INFUSION √Ä FROID DETOX CRANBERRY FRAMBOISE HIBISCUS;Boissons
