Produit,Catégorie
SIDI ALI,Boissons
SIDI ALI,Boissons
EAU MINÉRALE NATURELLE,Boissons
CRISTALINE EAU DE SOURCE 1.5L,Boissons
AIN SAÏSS,Boissons
EAU MINÉRAL NATURELLE,Boissons
6111035000027,Boissons
ORIGINAL TASTE,Boissons
OULMES NATURAL CARBONATED WATER,Boissons
ORANGE JUICE,Boissons
AIN SAISS EAU MINERALE NATURELLE,Boissons
AIN ATLAS,Boissons
AIN ATLAS,Boissons
GERÖSTETE MANDEL OHNE ZUCKER,Boissons
CRISTALINE EAU DE SOURCE 0.5L,Boissons
BTE 33CL SLIM COCA COLA,Boissons
CIEL,Boissons
PERLY,Produits laitiers
LAIT,Produits laitiers
FROMAGE BLANC NATURE,Produits laitiers
LAIT ENTIER UHT,Produits laitiers
JBEN,Produits laitiers
MARMITE YEAST EXTRACT,Produits laitiers
LAIT FRAIS,Produits laitiers
YAOURT NATURE,Produits laitiers
CHEDDAR,Produits laitiers
ASSIL,Produits laitiers
SALIM,Produits laitiers
CREMY,Produits laitiers
CREAM CHEESE,Produits laitiers
SPREADABLE SLIGHTLY SALTED,Produits laitiers
JAMILA,Produits laitiers
LAIT U.H.T ENTIER,Produits laitiers
FAMILIA 200G,Produits laitiers
PORK SAUSAGES,Viandes & Charcuterie
BLANC DE POULET,Viandes & Charcuterie
NO ARTIFICIAL ADDITIVES 6 PORK SAUSAGES,Viandes & Charcuterie
LE SUPÉRIEUR - À L'ETOUFFÉE - CONSERVATION SANS NITRITE,Viandes & Charcuterie
LE SUPÉRIEUR -25% DE SEL - CONSERVATION SANS NITRITE,Viandes & Charcuterie
PECHUGA DE PAVO COCIDA 92%,Viandes & Charcuterie
UNSMOKED BACK BACON RASHERS,Viandes & Charcuterie
HERTA BLANC POULET NATURE CONSERVATION SANS NITRITE X4 -140G,Viandes & Charcuterie
RÔTI DE POULET - 100% FILET,Viandes & Charcuterie
ZERO NITRITE - LE SUPERIEUR,Viandes & Charcuterie
JAMÓN COCIDO NATURAL,Viandes & Charcuterie
PECHUGA PAVO  FINAS LONCHAS,Viandes & Charcuterie
HERTA LARDONS FUMÉS CONSERVATION SANS NITRITE - 2X75G,Viandes & Charcuterie
LINCOLNSHIRE SAUSAGES,Viandes & Charcuterie
JAMÓN COCIDO EXTRA,Viandes & Charcuterie
PECHUGA DE PAVO AL CORTE,Viandes & Charcuterie
RILLETTES DU MANS - LA VÉRITABLE,Viandes & Charcuterie
AIGUILLETTES DE POULET ROTI,Viandes & Charcuterie
JAMON SERRANO,Viandes & Charcuterie
FUET ESPETEC EXTRA,Viandes & Charcuterie
TAGGER,Boulangerie & Pâtisserie
BREAK CHOCOLATE FINGERS,Boulangerie & Pâtisserie
GAUFRES MIEL,Boulangerie & Pâtisserie
COOKIES CHOCOLATE CHIP,Boulangerie & Pâtisserie
SUCRE PURE VIA SPECIALPATISSERIE,Boulangerie & Pâtisserie
KNUSPER SCHNITTE,Boulangerie & Pâtisserie
FRISCHEI-WAFFELN,Boulangerie & Pâtisserie
DÉLICES AU CARAMEL,Boulangerie & Pâtisserie
KNOPPERS,Boulangerie & Pâtisserie
GAUFRES DE LIÈGE,Boulangerie & Pâtisserie
CAPRICE,Boulangerie & Pâtisserie
GAUFRES DE LIÈGE PERLES DE SUCRE,Boulangerie & Pâtisserie
FLAN PÂTISSIER,Boulangerie & Pâtisserie
GAUFRES CARAMEL BIO,Boulangerie & Pâtisserie
6 BIG CHOC MACAROONS,Boulangerie & Pâtisserie
FINE GAUFRE,Boulangerie & Pâtisserie
CRIMBLES COCONUT MACARONS IMP,Boulangerie & Pâtisserie
GAUFRES CÔTE D’OR,Boulangerie & Pâtisserie
