Produit;Categories_OFF
ORANGE JUICE;en:beverages-and-beverages-preparations
TONIK;en:plant-based-foods-and-beverages
CONFITURE DE FRAISE;en:plant-based-foods-and-beverages
SOURDOUGH WHITE CIABATTIN BREAD;en:plant-based-foods-and-beverages
GER√ñSTETE MANDEL OHNE ZUCKER;en:beverages-and-beverages-preparations
WHITE SOURDOUGH BREAD;en:plant-based-foods-and-beverages
SOURDOUGH GRAINS & SEEDS;en:plant-based-foods-and-beverages
ALMONDS;en:plant-based-foods-and-beverages
CASHEWKERNE NATURBELASSEN;en:plant-based-foods-and-beverages
NESCAF√â CLASSIC;en:beverages-and-beverages-preparations
BAKED BEANS;en:plant-based-foods-and-beverages
OHNE ZUCKER HAFER;en:beverages-and-beverages-preparations
OAT DRINK BARISTA EDITION;en:beverages-and-beverages-preparations
MARGARINE LA PRAIRIE 225G;en:plant-based-foods-and-beverages
TARTINE CROUSTILLANTE AUTHENTIQUE;en:plant-based-foods-and-beverages
FAMILIA 200G;en:plant-based-foods-and-beverages
LIGHTLY SEA SALTED;en:plant-based-foods-and-beverages
TONIK;en:plant-based-foods-and-beverages
CONFITURE DE FRAISE;en:plant-based-foods-and-beverages
SOURDOUGH WHITE CIABATTIN BREAD;en:plant-based-foods-and-beverages
GER√ñSTETE MANDEL OHNE ZUCKER;en:beverages-and-beverages-preparations
WHITE SOURDOUGH BREAD;en:plant-based-foods-and-beverages
SOURDOUGH GRAINS & SEEDS;en:plant-based-foods-and-beverages
ALMONDS;en:plant-based-foods-and-beverages
CASHEWKERNE NATURBELASSEN;en:plant-based-foods-and-beverages
NESCAF√â CLASSIC;en:beverages-and-beverages-preparations
BAKED BEANS;en:plant-based-foods-and-beverages
OHNE ZUCKER HAFER;en:beverages-and-beverages-preparations
OAT DRINK BARISTA EDITION;en:beverages-and-beverages-preparations
MARGARINE LA PRAIRIE 225G;en:plant-based-foods-and-beverages
TARTINE CROUSTILLANTE AUTHENTIQUE;en:plant-based-foods-and-beverages
FAMILIA 200G;en:plant-based-foods-and-beverages
LIGHTLY SEA SALTED;en:plant-based-foods-and-beverages
WEETABIX;en:plant-based-foods-and-beverages
PRINCE GO√õT CHOCOLAT;en:snacks
EXCELLENCE NOIR PRODIGIEUX 90% CACAO;en:snacks
EXCELLENCE 70% COCOA INTENSE DARK;en:snacks
TONIK;en:plant-based-foods-and-beverages
S√âSAME;en:snacks
ZERO SIN AZ√öCARES FIBRA;en:snacks
EXCELLENCE 85% CACAO RICH DARK;en:snacks
DARK CHOCOLATE 85% COCOA;en:snacks
HENRY‚ÄôS;en:snacks
ORGANIC 70% DARK CHOCOLATE BAR;en:snacks
KING COOKIES;en:snacks
SABLE COCO HENRY S 42G;en:snacks
TARTINE CROUSTILLANTE AUTHENTIQUE;en:plant-based-foods-and-beverages
EXCELLENCE NOIR INTENSE 70% CACAO;en:fermented-foods
LIGHTLY SEA SALTED;en:plant-based-foods-and-beverages
DARK CHOCOLATE;en:snacks
EXCELLENCE NOIR PUISSANT 85% CACAO;en:snacks
FOURR√âS CHOCOLAT NOIR;en:snacks
EXTRA DARK CHOCOLATE 74% CACAO;en:snacks
PRINCE GO√õT CHOCOLAT;en:snacks
EXCELLENCE NOIR PRODIGIEUX 90% CACAO;en:snacks
EXCELLENCE 70% COCOA INTENSE DARK;en:snacks
TONIK;en:plant-based-foods-and-beverages
S√âSAME;en:snacks
ZERO SIN AZ√öCARES FIBRA;en:snacks
EXCELLENCE 85% CACAO RICH DARK;en:snacks
DARK CHOCOLATE 85% COCOA;en:snacks
HENRY‚ÄôS;en:snacks
ORGANIC 70% DARK CHOCOLATE BAR;en:snacks
KING COOKIES;en:snacks
SABLE COCO HENRY S 42G;en:snacks
EXCELLENCE NOIR INTENSE 70% CACAO;en:fermented-foods
DARK CHOCOLATE;en:snacks
EXCELLENCE NOIR PUISSANT 85% CACAO;en:snacks
FOURR√âS CHOCOLAT NOIR;en:snacks
EXTRA DARK CHOCOLATE 74% CACAO;en:snacks
HENRY‚ÄôS;en:snacks
MOMO BLACK;en:snacks
SIDI ALI;en:beverages-and-beverages-preparations
SIDI ALI;en:beverages-and-beverages-preparations
EAU MIN√âRALE NATURELLE;en:beverages-and-beverages-preparations
ÿßŸÉŸàÿßŸÅŸäŸÜÿß;en:beverages-and-beverages-preparations
EAU DE SOURCE;en:beverages-and-beverages-preparations
AIN SA√èSS;en:beverages-and-beverages-preparations
EAU MIN√âRAL NATURELLE;en:beverages-and-beverages-preparations
6111035000027;en:beverages-and-beverages-preparations
ORIGINAL TASTE;en:beverages-and-beverages-preparations
ÿßŸÉŸàÿßŸÅŸäŸÜÿß;en:beverages-and-beverages-preparations
OULMES NATURAL CARBONATED WATER;en:beverages-and-beverages-preparations
ORANGE JUICE;en:beverages-and-beverages-preparations
AIN SAISS EAU MINERALE NATURELLE;en:beverages-and-beverages-preparations
AIN ATLAS;en:beverages-and-beverages-preparations
AIN ATLAS;en:beverages-and-beverages-preparations
GER√ñSTETE MANDEL OHNE ZUCKER;en:beverages-and-beverages-preparations
CRISTALINE EAU DE SOURCE 0.5L;en:beverages-and-beverages-preparations
BTE 33CL SLIM COCA COLA;en:beverages-and-beverages-preparations
CIEL;en:beverages-and-beverages-preparations
PERLY;en:dairies
LAIT;en:dairies
FROMAGE BLANC NATURE;en:dairies
LAIT ENTIER UHT;en:dairies
JBEN;en:dairies
MARMITE YEAST EXTRACT;en:dairies
LAIT FRAIS;en:dairies
YAOURT NATURE;en:dairies
CHEDDAR;en:dairies
ASSIL;en:dairies
SALIM;en:dairies
CREMY;en:dairies
CREAM CHEESE;en:dairies
SPREADABLE SLIGHTLY SALTED;en:dairies
JAMILA;en:beverages
LAIT U.H.T ENTIER;en:dairies
FAMILIA 200G;en:plant-based-foods-and-beverages
TONIK;en:plant-based-foods-and-beverages
SOURDOUGH WHITE CIABATTIN BREAD;en:plant-based-foods-and-beverages
WHITE SOURDOUGH BREAD;en:plant-based-foods-and-beverages
SOURDOUGH GRAINS & SEEDS;en:plant-based-foods-and-beverages
OHNE ZUCKER HAFER;en:beverages-and-beverages-preparations
OAT DRINK BARISTA EDITION;en:beverages-and-beverages-preparations
TARTINE CROUSTILLANTE AUTHENTIQUE;en:plant-based-foods-and-beverages
LIGHTLY SEA SALTED;en:plant-based-foods-and-beverages
WEETABIX;en:plant-based-foods-and-beverages
ORGANIC - LIGHTLY SALTED - WHOLEGRAIN LOW FAT - RICE CAKES IMP;en:plant-based-foods-and-beverages
PAIN DE MIE GRANDES TRANCHES SEIGLE & GRAINES 500G;en:plant-based-foods-and-beverages
SOURDOUGH BREAD - SUPERB SPROUTED GRAINS N¬∞7;en:plant-based-foods-and-beverages
FIBRES;en:plant-based-foods-and-beverages
KRISPROLLS COMPLETS SANS SUCRES AJOUT√âS;en:plant-based-foods-and-beverages
14 MAXI TRANCHES COMPLET SANS SUCRES AJOUT√âS;en:plant-based-foods-and-beverages
CRUESLY M√âLANGE DE NOIX;en:plant-based-foods-and-beverages
TARTINES CRAQUANTES AU SARRASIN IMP;en:plant-based-foods-and-beverages
DARK RYE CRISPBREAD;en:plant-based-foods-and-beverages
FAMILY PACK;en:plant-based-foods-and-beverages
ZARTE HAFERFLOCKEN;en:plant-based-foods-and-beverages
HERTA LE BON PARIS JAMBON √Ä L'√âTOUFF√âE SANS NITRITE X4-140G;en:meats-and-their-products
PORK SAUSAGES;en:meats-and-their-products
HERTA KNACKI VEGGIE SAUCISSES V√âG√âTALES X6 -210G;en:plant-based-foods-and-beverages
BLANC DE POULET;en:meats-and-their-products
NO ARTIFICIAL ADDITIVES 6 PORK SAUSAGES;en:meats-and-their-products
LE SUP√âRIEUR - √Ä L'ETOUFF√âE - CONSERVATION SANS NITRITE;en:meats-and-their-products
LE SUP√âRIEUR -25% DE SEL - CONSERVATION SANS NITRITE;en:meats-and-their-products
HERTA LE BON PARIS JAMBON SEL R√âDUIT SANS NITRITE X4-140G;en:meats-and-their-products
BLANC DE POULET 100% FILET;en:meats-and-their-products
BLANC DE POULET  - 25% DE SEL*;en:meats-and-their-products
PECHUGA DE PAVO COCIDA 92%;en:meats-and-their-products
BISTO GRAVY GRANULES;en:meats-and-their-products
FILET DE POULET üêî R√îTI;en:meats-and-their-products
UNSMOKED BACK BACON RASHERS;en:meats-and-their-products
HERTA LE BON PARIS JAMBON √Ä L'√âTOUFF√âE X4 -170G;en:meats-and-their-products
HERTA BLANC POULET NATURE CONSERVATION SANS NITRITE X4 -140G;en:meats-and-their-products
POULETüêî AU CURRY ET NOIX DE COCO ü••;en:condiments
R√îTI DE POULET - 100% FILET;en:meats-and-their-products
LUNCHEON;en:meats-and-their-products
COUSCOUS ORIENTAL L√âGUMES CUISIN√âS ET POULET √âMINC√â;en:meats-and-their-products
PERLY;en:dairies
FROMAGE BLANC NATURE;en:dairies
JBEN;en:dairies
MARMITE YEAST EXTRACT;en:dairies
YAOURT NATURE;en:dairies
CHEDDAR;en:dairies
ASSIL;en:dairies
CREMY;en:dairies
CREAM CHEESE;en:dairies
JAMILA;en:beverages
EXCELLENCE NOIR INTENSE 70% CACAO;en:fermented-foods
SKYR NATURE 0%;en:dairies
DANONE ASSIL BANANE;en:dairies
JEBLI;en:dairies
RA√éBI;en:dairies
TENDRE NATURE;en:dairies
NATURAL YOGURT;en:dairies
YAOURT GREC MUESLI;en:dairies
PERLY;en:dairies
FROMAGE BLANC NATURE;en:dairies
JBEN;en:dairies
MARMITE YEAST EXTRACT;en:dairies
YAOURT NATURE;en:dairies
CHEDDAR;en:dairies
ASSIL;en:dairies
CREMY;en:dairies
CREAM CHEESE;en:dairies
JAMILA;en:beverages
SKYR NATURE 0%;en:dairies
DANONE ASSIL BANANE;en:dairies
JEBLI;en:dairies
RA√éBI;en:dairies
TENDRE NATURE;en:dairies
NATURAL YOGURT;en:dairies
YAOURT GREC MUESLI;en:dairies
DANINO;en:dairies
CONFITURE DE FRAISE;en:plant-based-foods-and-beverages
BAKED BEANS;en:plant-based-foods-and-beverages
A√èN SOLTANE;en:beverages-and-beverages-preparations
CONCENTR√â DE TOMATES AICHA;en:plant-based-foods-and-beverages
FRUIT & NUT MIX;en:plant-based-foods-and-beverages
STRAWBERRY JAM;en:plant-based-foods-and-beverages
DELICIA DOUBLE CONCENTRE DE TOMATES;en:plant-based-foods-and-beverages
D√âLICIA - CONFITURE D'ABRICOT;en:plant-based-foods-and-beverages
TOMATES CERISES ALLONG√âES;en:plant-based-foods-and-beverages
ALVALLE GAZPACHO L'ORIGINAL;en:plant-based-foods-and-beverages
DOUBLE CONCENTR√â DE TOMATES;en:plant-based-foods-and-beverages
RATATOUILLE CUISIN√âE √Ä LA PROVEN√áALE CASSEGRAIN 380G;en:plant-based-foods-and-beverages
–°–£–®–ï–ù–ò –ò –ó–ê–•–ê–†–û–°–ê–ù–ò –ë–û–†–û–í–ò–ù–ö–ò;en:plant-based-foods-and-beverages
POM'POTES COMPOTES GOURDES POMME NATURE 1X90G;en:plant-based-foods-and-beverages
AICHA TOMATO PASTE;en:plant-based-foods-and-beverages
DOCE EXTRA MORANGO;en:plant-based-foods-and-beverages
DOUBLE CONCENTRE DE TOMATE;en:plant-based-foods-and-beverages
RASPBERRY CONSERVE;en:plant-based-foods-and-beverages
CHOPPED TOMATOES;en:plant-based-foods-and-beverages
CONFITURE DE FRAISES AICHA;en:plant-based-foods-and-beverages
MAYONNAISE RECETTE ORIGINALE;en:condiments
STAR BRANDED IODIZED SALT;en:condiments
KETCHUP;en:condiments
SAUCE TOMATE CUISIN√âE;en:condiments
STAR VINAIGRE DE TABLE BLANC;en:condiments
611251753912;en:condiments
SOYASAUS;en:condiments
MAYONNAISE;en:condiments
PESTO GENOVESE 190G BARILLA;en:condiments
TOMATO KETCHUP;en:condiments
TOMATO KETCHUP;en:condiments
MOUTARDE;en:condiments
TOMATO KETCHUP;en:condiments
CLARA MITCHELL TOMATO SAUCE;en:condiments
REAL MAYONNAISE;en:condiments
PESTO ROSSO;en:condiments
MAYONNAISE;en:condiments
BOL BOL KETCHUP;en:condiments
PORK SAUSAGES;en:meats-and-their-products
BLANC DE POULET;en:meats-and-their-products
NO ARTIFICIAL ADDITIVES 6 PORK SAUSAGES;en:meats-and-their-products
LE SUP√âRIEUR - √Ä L'ETOUFF√âE - CONSERVATION SANS NITRITE;en:meats-and-their-products
LE SUP√âRIEUR -25% DE SEL - CONSERVATION SANS NITRITE;en:meats-and-their-products
PECHUGA DE PAVO COCIDA 92%;en:meats-and-their-products
UNSMOKED BACK BACON RASHERS;en:meats-and-their-products
HERTA BLANC POULET NATURE CONSERVATION SANS NITRITE X4 -140G;en:meats-and-their-products
R√îTI DE POULET - 100% FILET;en:meats-and-their-products
ZERO NITRITE - LE SUPERIEUR;en:meats-and-their-products
JAM√ìN COCIDO NATURAL;en:meats-and-their-products
PECHUGA PAVO  FINAS LONCHAS;en:meats-and-their-products
HERTA LARDONS FUM√âS CONSERVATION SANS NITRITE - 2X75G;en:meats-and-their-products
LINCOLNSHIRE SAUSAGES;en:plant-based-foods-and-beverages
JAM√ìN COCIDO EXTRA;en:meats-and-their-products
PECHUGA DE PAVO AL CORTE;en:meats-and-their-products
RILLETTES DU MANS - LA V√âRITABLE;en:meats-and-their-products
AIGUILLETTES DE POULET ROTI;en:meats-and-their-products
JAMON SERRANO;en:meats-and-their-products
FUET ESPETEC EXTRA;en:meats-and-their-products
LAIT;en:dairies
ALVALLE GAZPACHO L'ORIGINAL;en:plant-based-foods-and-beverages
RATATOUILLE CUISIN√âE √Ä LA PROVEN√áALE CASSEGRAIN 380G;en:plant-based-foods-and-beverages
PUY LENTILS & FRENCH GREEN LENTILS;en:plant-based-foods-and-beverages
SALADE & COMPAGNIE MANHATTAN POULET ROTI;en:meals
CREAM OF TOMATO SOUP;en:meals
MEAT FEAST PIZZA;en:meals
BAKED BEANS;en:plant-based-foods-and-beverages
ORGANIC BEEF STOCK CUBES 8 PACK;en:condiments
BAKED BEANS IN TOMATO SAUCE;en:plant-based-foods-and-beverages
HERTA KNACKI VEGGIE SAUCISSES V√âG√âTALES X6 -210G;en:plant-based-foods-and-beverages
PRINGLES;en:plant-based-foods-and-beverages
INSTANT NUDELN - CHICKEN FLAVOUR;en:plant-based-foods-and-beverages
CLASSIC CHICKEN SOUP;en:meals
RATATOUILLE CUISIN√âE √Ä LA PROVEN√áALE;en:plant-based-foods-and-beverages
HEINZ BEANZ NO ADDED SUGAR;en:plant-based-foods-and-beverages
BAKED BEANS;en:plant-based-foods-and-beverages
MARGHERITA SOURDOUGH PIZZA;en:meals
ROAST CHICKEN AND TRADITIONAL VEGETABLES;en:meals
PERLY;en:dairies
FROMAGE BLANC NATURE;en:dairies
YAOURT NATURE;en:dairies
ASSIL;en:dairies
CREMY;en:dairies
JAMILA;en:beverages
SKYR NATURE 0%;en:dairies
DANONE ASSIL BANANE;en:dairies
RA√éBI;en:dairies
TENDRE NATURE;en:dairies
NATURAL YOGURT;en:dairies
YAOURT GREC MUESLI;en:dairies
DANINO;en:dairies
GHILAL YAOURT ZR3;en:dairies
NESTL√â DESSERT;en:snacks
YEO VALLEY ORGANIC KEFIR NATURAL FERMENTED YOGURT;en:beverages
YAOURT TENDRE;en:dairies
VANILLE AU SOJA;en:plant-based-foods-and-beverages
PRINCE GO√õT CHOCOLAT;en:snacks
TONIK;en:plant-based-foods-and-beverages
S√âSAME;en:snacks
ZERO SIN AZ√öCARES FIBRA;en:snacks
HENRY‚ÄôS;en:snacks
KING COOKIES;en:snacks
SABLE COCO HENRY S 42G;en:snacks
FOURR√âS CHOCOLAT NOIR;en:snacks
HENRY‚ÄôS;en:snacks
MOMO BLACK;en:snacks
BISCUITS CROQUANTS AU COEUR ONCTUEUX DE NUTELLA¬Æ;en:snacks
EYOO COVER;en:snacks
POMME üçè üçé NOISETTEü•ú;en:snacks
2 BARS MILK AND HAZELNUTS;en:snacks
FIGUE & SON;en:snacks
PETIT BEURRE;en:snacks
KING COOKIES CHOCO;en:snacks
GRANOLA;en:snacks
HENRY'S SABLE COCO BISCUIT 85G;en:snacks
BISCUIT RAISINS;en:snacks
TONIK;en:plant-based-foods-and-beverages
OHNE ZUCKER HAFER;en:beverages-and-beverages-preparations
OAT DRINK BARISTA EDITION;en:beverages-and-beverages-preparations
WEETABIX;en:plant-based-foods-and-beverages
ORGANIC - LIGHTLY SALTED - WHOLEGRAIN LOW FAT - RICE CAKES IMP;en:plant-based-foods-and-beverages
PAIN DE MIE GRANDES TRANCHES SEIGLE & GRAINES 500G;en:plant-based-foods-and-beverages
CRUESLY M√âLANGE DE NOIX;en:plant-based-foods-and-beverages
FAMILY PACK;en:plant-based-foods-and-beverages
ZARTE HAFERFLOCKEN;en:plant-based-foods-and-beverages
OAT;en:beverages-and-beverages-preparations
FLOCONS D'AVOINE;en:plant-based-foods-and-beverages
CROUSTILLANT CHOCOLAT;en:plant-based-foods-and-beverages
WEETABIX ORIGINAL;en:plant-based-foods-and-beverages
36 WHEAT BISKS;en:plant-based-foods-and-beverages
MUESLI RAISIN, FIGUE, ABRICOT;en:plant-based-foods-and-beverages
SPECIAL MUESLI 30% FRUITS & NOIX;en:plant-based-foods-and-beverages
QUAKER ROLLED OATS;en:plant-based-foods-and-beverages
LIGHTLY SALTED LOW FAT CORN CAKES;en:plant-based-foods-and-beverages
MUESLI SUPERFRUITS RAISINS, CASSIS,CRANBERRY, MYRTILLE;en:plant-based-foods-and-beverages
CORN FLAKES;en:plant-based-foods-and-beverages
JBEN;en:dairies
MARMITE YEAST EXTRACT;en:dairies
NUTELLA;en:breakfasts
CONFITURE DE FRAISE;en:plant-based-foods-and-beverages
NUTELLA;en:breakfasts
SPREADABLE SLIGHTLY SALTED;en:dairies
MARGARINE LA PRAIRIE 225G;en:plant-based-foods-and-beverages
FAMILIA 200G;en:plant-based-foods-and-beverages
NOCCIOLATA;en:breakfasts
P√ÇTE √Ä TARTINER NOISETTES ET CACAO;en:breakfasts
TARTINE DOUX;en:plant-based-foods-and-beverages
EL BARAKA CONFITURE DE FRAISES 430 G;en:plant-based-foods-and-beverages
PUR BEURRE DE CACAHU√àTE;en:plant-based-foods-and-beverages
NOCCIOLATA BIO;en:breakfasts
CONFITURE D'ABRICOT;en:plant-based-foods-and-beverages
POULAIN;en:breakfasts
NUTELLA;en:breakfasts
JEBLI;en:dairies
SIDI ALI;en:beverages-and-beverages-preparations
SIDI ALI;en:beverages-and-beverages-preparations
EAU MIN√âRALE NATURELLE;en:beverages-and-beverages-preparations
ÿßŸÉŸàÿßŸÅŸäŸÜÿß;en:beverages-and-beverages-preparations
EAU DE SOURCE;en:beverages-and-beverages-preparations
AIN SA√èSS;en:beverages-and-beverages-preparations
EAU MIN√âRAL NATURELLE;en:beverages-and-beverages-preparations
6111035000027;en:beverages-and-beverages-preparations
ORIGINAL TASTE;en:beverages-and-beverages-preparations
ÿßŸÉŸàÿßŸÅŸäŸÜÿß;en:beverages-and-beverages-preparations
OULMES NATURAL CARBONATED WATER;en:beverages-and-beverages-preparations
ORANGE JUICE;en:beverages-and-beverages-preparations
AIN SAISS EAU MINERALE NATURELLE;en:beverages-and-beverages-preparations
AIN ATLAS;en:beverages-and-beverages-preparations
AIN ATLAS;en:beverages-and-beverages-preparations
GER√ñSTETE MANDEL OHNE ZUCKER;en:beverages-and-beverages-preparations
CRISTALINE EAU DE SOURCE 0.5L;en:beverages-and-beverages-preparations
BTE 33CL SLIM COCA COLA;en:beverages-and-beverages-preparations
CIEL;en:beverages-and-beverages-preparations
PERLY;en:dairies
FROMAGE BLANC NATURE;en:dairies
JBEN;en:dairies
CHEDDAR;en:dairies
CREAM CHEESE;en:dairies
SKYR NATURE 0%;en:dairies
JEBLI;en:dairies
FRESH SQUARE 0% - PLAIN;en:dairies
PHILADELPHIA;en:dairies
CARR√â FRAIS - NATURE;en:dairies
TRANCHES AU GO√õT CHEDDAR;en:dairies
PAYSAN BRETON - LE FROMAGE FOUETT√â MADAME LO√èK - NATURE AU SEL DE GU√âRANDE;en:dairies
KIRI CARR√â 8P;en:dairies
PERLY FROMAGE;en:dairies
ST M√îRET;en:dairies
COULOMMIERS DOUX ET CR√âMEUX;en:dairies
CAPRICE DES DIEUX;en:dairies
LE GO√õT PRIMEUR FORMAT FAMILIAL;en:dairies
TONIK;en:plant-based-foods-and-beverages
DARK CHOCOLATE;en:snacks
DALAA 550 FEUILLES;en:snacks
GRANATAPFEL SAUERKIRSCHE FRUCHTGUMMI;en:snacks
TOFFIFEE;en:snacks
EXCELLENCE √Ä LA POINTE DE FLEUR DE SEL NOIR;en:snacks
KINDER BUENO WHITE;en:snacks
CHOCOLATE;en:snacks
PEANUT;en:snacks
TOBLERONE;en:snacks
TONIK;en:snacks
COCO SPECIALTY;en:snacks
FERRERO ROCHER;en:snacks
CHOCAO ENERGIE;en:snacks
KINDER COUNTRY;en:snacks
EXTREM;en:snacks
KINDER BUENO;en:snacks
MAYONNAISE RECETTE ORIGINALE;en:condiments
KETCHUP;en:condiments
SAUCE TOMATE CUISIN√âE;en:condiments
611251753912;en:condiments
SOYASAUS;en:condiments
MAYONNAISE;en:condiments
PESTO GENOVESE 190G BARILLA;en:condiments
TOMATO KETCHUP;en:condiments
TOMATO KETCHUP;en:condiments
MOUTARDE;en:condiments
TOMATO KETCHUP;en:condiments
CLARA MITCHELL TOMATO SAUCE;en:condiments
REAL MAYONNAISE;en:condiments
PESTO ROSSO;en:condiments
MAYONNAISE;en:condiments
BOL BOL KETCHUP;en:condiments
ASSAISONNEMENT AROMATIS√â AU CITRON;en:condiments
AROME MAGGI;en:condiments
NUTELLA;en:breakfasts
CONFITURE DE FRAISE;en:plant-based-foods-and-beverages
NUTELLA;en:breakfasts
NOCCIOLATA;en:breakfasts
P√ÇTE √Ä TARTINER NOISETTES ET CACAO;en:breakfasts
WEETABIX;en:plant-based-foods-and-beverages
EL BARAKA CONFITURE DE FRAISES 430 G;en:plant-based-foods-and-beverages
PUR BEURRE DE CACAHU√àTE;en:plant-based-foods-and-beverages
NOCCIOLATA BIO;en:breakfasts
CONFITURE D'ABRICOT;en:plant-based-foods-and-beverages
CRUESLY M√âLANGE DE NOIX;en:plant-based-foods-and-beverages
POULAIN;en:breakfasts
NUTELLA;en:breakfasts
EL BARAKA CONFITURE D'ABRICOTS 430 G;en:plant-based-foods-and-beverages
NUTELLA;en:breakfasts
BE NUTS ! - P√ÇTE √Ä TARTINER CACAHU√àTE;en:plant-based-foods-and-beverages
FAMILY PACK;en:plant-based-foods-and-beverages
ZARTE HAFERFLOCKEN;en:plant-based-foods-and-beverages
FLOCONS D'AVOINE;en:plant-based-foods-and-beverages
NUTELLA;en:snacks
100% MIE COMPLET 500G;en:plant-based-foods-and-beverages
COCA-COLA ORIGINAL TASTE;en:beverages-and-beverages-preparations
HARRYS PAIN DE MIE 100% MIE NATURE SANS CROUTE 500G;en:plant-based-foods-and-beverages
PAIN DE MIE AMERICAN SANDWICH COMPLET SANS SUCRES AJOUT√âS 600G;en:plant-based-foods-and-beverages
HARRYS BEAU & BON PAIN DE MIE FARINE DE BLE CEREALES & GRAINES 320G;en:plant-based-foods-and-beverages
VANILLA ICE CREAM;en:desserts
CRISPY MINIS CHOCO, C√âR√âALES DE BL√â COMPLET ENRICHIES EN VITAMINES ET EN FER AVEC DU CHOCOLAT;en:plant-based-foods-and-beverages
COUNTRY CRISP 4 BAIES;en:plant-based-foods-and-beverages
BISCOTTES SANS SEL ET SANS SUCRE AJOUT√âS;en:plant-based-foods-and-beverages
PAIN DE MIE AMERICAN SANDWICH RUSTIQUE SANS SUCRES AJOUT√âS 500G;en:plant-based-foods-and-beverages
LEERDAMMER ORIGINAL 8 TRANCHES 200G;en:dairies
NOISETTA;en:desserts
BISCUITS GERME DE BL√â ET P√âPITES DE CHOCOLAT;en:snacks
BEAU & BON PAIN DE MIE COMPLET LIN TOURNESOL 320G;en:plant-based-foods-and-beverages
90G FERRERO ROCHER TABLETTE LT;en:snacks
LUSTUCRU GNOCCHI A PO√äLER FORMAT XXL 720G;en:plant-based-foods-and-beverages
LES TRANCHES V√âG√â HARICOTS BLANCS;en:plant-based-foods-and-beverages
ICE TEA;en:beverages-and-beverages-preparations
FROMAGE PRODUIT LAITIERS;en:dairies
BIO ORGANIC OAT FLAKES;en:plant-based-foods-and-beverages
HERTA LE BON PARIS JAMBON √Ä L'√âTOUFF√âE SANS NITRITE X4-140G;en:meats-and-their-products
PORK SAUSAGES;en:meats-and-their-products
HERTA KNACKI VEGGIE SAUCISSES V√âG√âTALES X6 -210G;en:plant-based-foods-and-beverages
NO ARTIFICIAL ADDITIVES 6 PORK SAUSAGES;en:meats-and-their-products
LE SUP√âRIEUR - √Ä L'ETOUFF√âE - CONSERVATION SANS NITRITE;en:meats-and-their-products
LE SUP√âRIEUR -25% DE SEL - CONSERVATION SANS NITRITE;en:meats-and-their-products
HERTA LE BON PARIS JAMBON SEL R√âDUIT SANS NITRITE X4-140G;en:meats-and-their-products
BLANC DE POULET 100% FILET;en:meats-and-their-products
BLANC DE POULET  - 25% DE SEL*;en:meats-and-their-products
FILET DE POULET üêî R√îTI;en:meats-and-their-products
HERTA LE BON PARIS JAMBON √Ä L'√âTOUFF√âE X4 -170G;en:meats-and-their-products
HERTA BLANC POULET NATURE CONSERVATION SANS NITRITE X4 -140G;en:meats-and-their-products
R√îTI DE POULET - 100% FILET;en:meats-and-their-products
LUNCHEON;en:meats-and-their-products
ZERO NITRITE - LE SUPERIEUR;en:meats-and-their-products
JAM√ìN COCIDO NATURAL;en:meats-and-their-products
PECHUGA PAVO  FINAS LONCHAS;en:meats-and-their-products
CHICKEN ITALIA CHIPOLATAS;en:meats-and-their-products
HERTA LARDONS FUM√âS CONSERVATION SANS NITRITE - 2X75G;en:meats-and-their-products
LINCOLNSHIRE SAUSAGES;en:plant-based-foods-and-beverages
MAYONNAISE RECETTE ORIGINALE;en:condiments
STAR BRANDED IODIZED SALT;en:condiments
KETCHUP;en:condiments
MAYONNAISE;en:condiments
PESTO GENOVESE 190G BARILLA;en:condiments
TOMATO KETCHUP;en:condiments
VEGAN BOUILLON POWDER REDUCED SALT;en:plant-based-foods-and-beverages
TOMATO KETCHUP;en:condiments
CLARA MITCHELL TOMATO SAUCE;en:condiments
REAL MAYONNAISE;en:condiments
MAYONNAISE;en:condiments
SERIOUSLY GOOD TIMES MAYONNAISE;en:condiments
STAR MOUTARDE;en:condiments
REAL MAYONNAISE;en:condiments
MOUTARDE DE DIJON;en:condiments
TOMATEN KETCHUP;en:condiments
BASILICO 400G EU;en:condiments
TOMATE FRITO;en:condiments
ORANGE JUICE;en:beverages-and-beverages-preparations
GER√ñSTETE MANDEL OHNE ZUCKER;en:beverages-and-beverages-preparations
OHNE ZUCKER HAFER;en:beverages-and-beverages-preparations
OAT DRINK BARISTA EDITION;en:beverages-and-beverages-preparations
GREEN TEA;en:beverages-and-beverages-preparations
GER√ñSTETE MANDEL;en:beverages-and-beverages-preparations
OAT;en:beverages-and-beverages-preparations
RICORE ORIGINAL;en:beverages-and-beverages-preparations
BIO-ALMOND-MANDELMILCH;en:beverages-and-beverages-preparations
CAPPY PULPY;en:beverages-and-beverages-preparations
PRESSUP;en:beverages-and-beverages-preparations
RICOR√â ORIGINAL;en:beverages-and-beverages-preparations
BJORG AMANDE ALMOND SANS SUGRES- NO SUGAR;en:plant-based-foods-and-beverages
D√âLICIEUSE & TROPICAL COCO;en:beverages-and-beverages-preparations
41022;en:beverages-and-beverages-preparations
HAFER BARISTA EDITION;en:beverages-and-beverages-preparations
PET 2L OASIS TROPICAL;en:beverages-and-beverages-preparations
PRESS UP;en:beverages-and-beverages-preparations
CHICOR√âE SOLUBLE NATURE;en:beverages-and-beverages-preparations
RICORE;en:beverages-and-beverages-preparations
BAKED BEANS;en:plant-based-foods-and-beverages
CONCENTR√â DE TOMATES AICHA;en:plant-based-foods-and-beverages
DELICIA DOUBLE CONCENTRE DE TOMATES;en:plant-based-foods-and-beverages
TOMATES CERISES ALLONG√âES;en:plant-based-foods-and-beverages
DOUBLE CONCENTR√â DE TOMATES;en:plant-based-foods-and-beverages
RATATOUILLE CUISIN√âE √Ä LA PROVEN√áALE CASSEGRAIN 380G;en:plant-based-foods-and-beverages
AICHA TOMATO PASTE;en:plant-based-foods-and-beverages
DOUBLE CONCENTRE DE TOMATE;en:plant-based-foods-and-beverages
CHOPPED TOMATOES;en:plant-based-foods-and-beverages
RAW KIMCHI;en:plant-based-foods-and-beverages
FRESHONA TOMATO PASSATA;en:plant-based-foods-and-beverages
PASSATA DI POMODORO;en:plant-based-foods-and-beverages
CREMA DE CACAHUETE;en:plant-based-foods-and-beverages
ITALIAN TOMATO PUR√âE DOUBLE CONCENTRATE;en:plant-based-foods-and-beverages
ITALIAN CHOPPED TOMATOES;en:plant-based-foods-and-beverages
CAROTTES R√ÇP√âES;en:plant-based-foods-and-beverages
CHOPPED TOMATOES;en:plant-based-foods-and-beverages
ITALIAN TOMATO PUR√âE;en:plant-based-foods-and-beverages
DOUBLE CONCENTR√â DE TOMATES;en:plant-based-foods-and-beverages
AUBERGINES CUISIN√âES √Ä LA PROVEN√áALE;en:plant-based-foods-and-beverages
EXCELLENCE NOIR PRODIGIEUX 90% CACAO;en:snacks
EXCELLENCE 70% COCOA INTENSE DARK;en:snacks
TONIK;en:plant-based-foods-and-beverages
EXCELLENCE 85% CACAO RICH DARK;en:snacks
DARK CHOCOLATE 85% COCOA;en:snacks
ORGANIC 70% DARK CHOCOLATE BAR;en:snacks
EXCELLENCE NOIR INTENSE 70% CACAO;en:fermented-foods
DARK CHOCOLATE;en:snacks
EXCELLENCE NOIR PUISSANT 85% CACAO;en:snacks
EXTRA DARK CHOCOLATE 74% CACAO;en:snacks
1848 CHOCOLAT EN POUDRE;en:beverages-and-beverages-preparations
DARK CHOCOLATE 70%;en:snacks
BITTER EXTRA KRAFTIG;en:snacks
NESTL√â DESSERT;en:snacks
CHOCOLAT AU LAIT;en:snacks
BIO CHOCOLAT NOIR CACAO 70%;en:snacks
DOUX 70% NOIR SUBTIL;en:snacks
NESQUIK;en:beverages-and-beverages-preparations
CHOCOLAT NOIR 92% CACAO;en:snacks
FILETS DE MAQUEREAU;en:seafood
SARDINES HUILE D'OLIVE VIERGE EXTRA;en:seafood
ATUN;en:seafood
JOLY THON ENTIER;en:seafood
ATUN C / TOMATE ISABEL;en:seafood
MIETTES DE MAQUEREAUX;en:seafood
THON JOLY;en:seafood
PLAIN SARDINES;en:seafood
TAM THON ENTIER A L'HUILE;en:seafood
FILETS DE MAQUEREAUX AU VIN BLANC;en:seafood
FILET DE MAQUEREAUX AU NATUREL;en:seafood
THON ENTIER AU NATUREL ALBACORE;en:seafood
FILETS DE MAQUEREAUX √Ä LA MOUTARDE;en:seafood
FILETS DE MAQUEREAUX GRILL√âS NATURES;en:seafood
AT√öN CLARO EN ACEITE DE OLIVA;en:seafood
CABILLAUD SAUCE CITRON RIZ AUX PETITS L√âGUMES;en:seafood
OMAR;en:beverages-and-beverages-preparations
COD FISH FINGERS;en:seafood
LE MOELLEUX;en:seafood
PRINCE GO√õT CHOCOLAT;en:snacks
TONIK;en:plant-based-foods-and-beverages
S√âSAME;en:snacks
ZERO SIN AZ√öCARES FIBRA;en:snacks
HENRY‚ÄôS;en:snacks
KING COOKIES;en:snacks
SABLE COCO HENRY S 42G;en:snacks
FOURR√âS CHOCOLAT NOIR;en:snacks
HENRY‚ÄôS;en:snacks
MOMO BLACK;en:snacks
BISCUITS CROQUANTS AU COEUR ONCTUEUX DE NUTELLA¬Æ;en:snacks
EYOO COVER;en:snacks
POMME üçè üçé NOISETTEü•ú;en:snacks
2 BARS MILK AND HAZELNUTS;en:snacks
FIGUE & SON;en:snacks
PETIT BEURRE;en:snacks
KING COOKIES CHOCO;en:snacks
GRANOLA;en:snacks
HENRY'S SABLE COCO BISCUIT 85G;en:snacks
BISCUIT RAISINS;en:snacks
CONFITURE DE FRAISE;en:plant-based-foods-and-beverages
A√èN SOLTANE;en:beverages-and-beverages-preparations
FRUIT & NUT MIX;en:plant-based-foods-and-beverages
STRAWBERRY JAM;en:plant-based-foods-and-beverages
D√âLICIA - CONFITURE D'ABRICOT;en:plant-based-foods-and-beverages
–°–£–®–ï–ù–ò –ò –ó–ê–•–ê–†–û–°–ê–ù–ò –ë–û–†–û–í–ò–ù–ö–ò;en:plant-based-foods-and-beverages
POM'POTES COMPOTES GOURDES POMME NATURE 1X90G;en:plant-based-foods-and-beverages
DOCE EXTRA MORANGO;en:plant-based-foods-and-beverages
RASPBERRY CONSERVE;en:plant-based-foods-and-beverages
CONFITURE DE FRAISES AICHA;en:plant-based-foods-and-beverages
COCOA ORANGE FRUIT & NUT BARS;en:plant-based-foods-and-beverages
CONFITURE DE FRAISES;en:plant-based-foods-and-beverages
EL BARAKA;en:plant-based-foods-and-beverages
CONFITURE FRAISES;en:plant-based-foods-and-beverages
COCOA ORANGE;en:plant-based-foods-and-beverages
CROWNFIELD PREMIUM FRUIT AND NUT MUESLI;en:plant-based-foods-and-beverages
ABRICOT SEC;en:plant-based-foods-and-beverages
NUT & FRUIT MIX CLASSIC;en:plant-based-foods-and-beverages
D√âLICIA - CONFITURE D'ABRICOT;en:plant-based-foods-and-beverages
CONFITURE DE FRAISE;en:plant-based-foods-and-beverages
NUTELLA;en:breakfasts
CONFITURE DE FRAISE;en:plant-based-foods-and-beverages
NUTELLA;en:breakfasts
NOCCIOLATA;en:breakfasts
P√ÇTE √Ä TARTINER NOISETTES ET CACAO;en:breakfasts
EL BARAKA CONFITURE DE FRAISES 430 G;en:plant-based-foods-and-beverages
PUR BEURRE DE CACAHU√àTE;en:plant-based-foods-and-beverages
NOCCIOLATA BIO;en:breakfasts
CONFITURE D'ABRICOT;en:plant-based-foods-and-beverages
POULAIN;en:breakfasts
NUTELLA;en:breakfasts
EL BARAKA CONFITURE D'ABRICOTS 430 G;en:plant-based-foods-and-beverages
NUTELLA;en:breakfasts
BE NUTS ! - P√ÇTE √Ä TARTINER CACAHU√àTE;en:plant-based-foods-and-beverages
NUTELLA;en:snacks
NUTELLA;en:breakfasts
NUTELLA;en:breakfasts
PERIPELLA;en:breakfasts
NUTELLA;en:breakfasts
BISCOFF CREAMY;en:plant-based-foods-and-beverages
BAKED BEANS;en:plant-based-foods-and-beverages
SARDINES HUILE D'OLIVE VIERGE EXTRA;en:seafood
ATUN;en:seafood
RATATOUILLE CUISIN√âE √Ä LA PROVEN√áALE CASSEGRAIN 380G;en:plant-based-foods-and-beverages
CHICKPEAS IN WATER;en:plant-based-foods-and-beverages
JOLY THON ENTIER;en:seafood
BAKED BEANS;en:plant-based-foods-and-beverages
CHOPPED TOMATOES;en:plant-based-foods-and-beverages
ATUN C / TOMATE ISABEL;en:seafood
MIETTES DE MAQUEREAUX;en:seafood
PRINGLES;en:plant-based-foods-and-beverages
PITTED GREEN OLIVES;en:plant-based-foods-and-beverages
HEINZ BAKED BEANS;en:plant-based-foods-and-beverages
RATATOUILLE CUISIN√âE √Ä LA PROVEN√áALE;en:plant-based-foods-and-beverages
BAKED BEANS;en:plant-based-foods-and-beverages
ITALIAN CHOPPED TOMATOES;en:plant-based-foods-and-beverages
KOKOSMILCH;en:plant-based-foods-and-beverages
LENTILLES PR√âPAR√âES;en:plant-based-foods-and-beverages
CHOPPED TOMATOES;en:plant-based-foods-and-beverages
CHICKPEAS IN WATER;en:plant-based-foods-and-beverages
PERLY;en:dairies
FROMAGE BLANC NATURE;en:dairies
YAOURT NATURE;en:dairies
ASSIL;en:dairies
CREMY;en:dairies
JAMILA;en:beverages
SKYR NATURE 0%;en:dairies
DANONE ASSIL BANANE;en:dairies
RA√éBI;en:dairies
TENDRE NATURE;en:dairies
NATURAL YOGURT;en:dairies
YAOURT GREC MUESLI;en:dairies
DANINO;en:dairies
GHILAL YAOURT ZR3;en:dairies
YEO VALLEY ORGANIC KEFIR NATURAL FERMENTED YOGURT;en:beverages
YAOURT TENDRE;en:dairies
5% GREEK YOGURT;en:dairies
MUSCLY LA FORCE POUR GRANDIR;en:dairies
SOURDOUGH WHITE CIABATTIN BREAD;en:plant-based-foods-and-beverages
WHITE SOURDOUGH BREAD;en:plant-based-foods-and-beverages
SOURDOUGH GRAINS & SEEDS;en:plant-based-foods-and-beverages
TARTINE CROUSTILLANTE AUTHENTIQUE;en:plant-based-foods-and-beverages
PAIN DE MIE GRANDES TRANCHES SEIGLE & GRAINES 500G;en:plant-based-foods-and-beverages
SOURDOUGH BREAD - SUPERB SPROUTED GRAINS N¬∞7;en:plant-based-foods-and-beverages
FIBRES;en:plant-based-foods-and-beverages
KRISPROLLS COMPLETS SANS SUCRES AJOUT√âS;en:plant-based-foods-and-beverages
14 MAXI TRANCHES COMPLET SANS SUCRES AJOUT√âS;en:plant-based-foods-and-beverages
TARTINES CRAQUANTES AU SARRASIN IMP;en:plant-based-foods-and-beverages
DARK RYE CRISPBREAD;en:plant-based-foods-and-beverages
PAIN DE MIE BIO;en:plant-based-foods-and-beverages
WHOLEGRAIN RYE BREAD;en:plant-based-foods-and-beverages
SEED SENSATIONS;en:plant-based-foods-and-beverages
BAKERY CO. 5 THE ORIGINAL BAGELS;en:plant-based-foods-and-beverages
RYE & MIXED SEED SOURDOUGH BREAD;en:plant-based-foods-and-beverages
TARTINES CAMPAGNE 450G;en:plant-based-foods-and-beverages
PAIN DE MIE GRANDES TRANCHES SP√âCIAL SANDWICH COMPLET;en:plant-based-foods-and-beverages
SEEDED SOURDOUGH BREAD;en:plant-based-foods-and-beverages
WASA;en:plant-based-foods-and-beverages
CONFITURE DE FRAISE;en:plant-based-foods-and-beverages
MARGARINE LA PRAIRIE 225G;en:plant-based-foods-and-beverages
FAMILIA 200G;en:plant-based-foods-and-beverages
TARTINE DOUX;en:plant-based-foods-and-beverages
EL BARAKA CONFITURE DE FRAISES 430 G;en:plant-based-foods-and-beverages
PUR BEURRE DE CACAHU√àTE;en:plant-based-foods-and-beverages
CONFITURE D'ABRICOT;en:plant-based-foods-and-beverages
EL BARAKA CONFITURE D'ABRICOTS 430 G;en:plant-based-foods-and-beverages
PRIMEV√àRE BIO DOUX TARTINE & CUISSON;en:plant-based-foods-and-beverages
BE NUTS ! - P√ÇTE √Ä TARTINER CACAHU√àTE;en:plant-based-foods-and-beverages
LA PRAIRIE CLASSIQUE;en:plant-based-foods-and-beverages
VEGETABLE FAT SPREAD WITH 10% OLIVE OIL;en:plant-based-foods-and-beverages
BEURRE BIO CACAHU√àTE;en:plant-based-foods-and-beverages
ST HUBERT BIO & V√âG√âTAL;en:plant-based-foods-and-beverages
MENGUY'S PEANUT 100%;en:plant-based-foods-and-beverages
CREMA DE CACAHUETE;en:plant-based-foods-and-beverages
FLORA BUTTERY;en:plant-based-foods-and-beverages
STRAWBERRY JAM;en:plant-based-foods-and-beverages
LIGHTLY SEA SALTED;en:plant-based-foods-and-beverages
ORIGINAL;en:snacks
SOUR CREAM & ONION;en:snacks
CHIPS;en:plant-based-foods-and-beverages
PRINGLES SARE;en:plant-based-foods-and-beverages
PRINGLES ORIGINAL;en:snacks
LIGHTLY SALTED LOW FAT CORN CAKES;en:plant-based-foods-and-beverages
KRIT KRITITAS GALLETAS SALADAS;en:snacks
–ö–ê–†–¢–û–§–ï–õ–¨–ù–´–ï –ß–ò–ü–°–´ –°–û –í–ö–£–°–û–ú –ü–ê–†–ò–ö–ò;en:plant-based-foods-and-beverages
PRINGLES ORIGINAL;en:snacks
LENTIL & PEA VEGGIE CAKES - BEETROOT & BALSAMIC;en:snacks
PRINGLES;en:snacks
SEA SALT & CIDER VINEGAR CHIPS;en:plant-based-foods-and-beverages
SOUR CREAM & ONION;en:snacks
PROPERCHIPS SEA SALT LENTIL CHIPS;en:snacks
PRINGLES ORIGINAL;en:snacks
THE ORIGINAL CRUNCHY RYE BREADS;en:plant-based-foods-and-beverages
SUPER SEEDED OATCAKES;en:snacks
CHIPS DE LENTILLES SAVEUR FINES HERBES;en:snacks
MULTIGRAIN CRUNCHY RYE BREADS;en:plant-based-foods-and-beverages
FILETS DE MAQUEREAU;en:seafood
SARDINES HUILE D'OLIVE VIERGE EXTRA;en:seafood
ATUN;en:seafood
JOLY THON ENTIER;en:seafood
ATUN C / TOMATE ISABEL;en:seafood
MIETTES DE MAQUEREAUX;en:seafood
THON JOLY;en:seafood
PLAIN SARDINES;en:seafood
TAM THON ENTIER A L'HUILE;en:seafood
FILETS DE MAQUEREAUX AU VIN BLANC;en:seafood
FILET DE MAQUEREAUX AU NATUREL;en:seafood
THON ENTIER AU NATUREL ALBACORE;en:seafood
FILETS DE MAQUEREAUX √Ä LA MOUTARDE;en:seafood
FILETS DE MAQUEREAUX GRILL√âS NATURES;en:seafood
AT√öN CLARO EN ACEITE DE OLIVA;en:seafood
CABILLAUD SAUCE CITRON RIZ AUX PETITS L√âGUMES;en:seafood
COD FISH FINGERS;en:seafood
LE MOELLEUX;en:seafood
THON A LHUILE;en:seafood
PERLY;en:dairies
FROMAGE BLANC NATURE;en:dairies
YAOURT NATURE;en:dairies
ASSIL;en:dairies
CREMY;en:dairies
JAMILA;en:beverages
SKYR NATURE 0%;en:dairies
DANONE ASSIL BANANE;en:dairies
RA√éBI;en:dairies
TENDRE NATURE;en:dairies
NATURAL YOGURT;en:dairies
YAOURT GREC MUESLI;en:dairies
DANINO;en:dairies
GHILAL YAOURT ZR3;en:dairies
YEO VALLEY ORGANIC KEFIR NATURAL FERMENTED YOGURT;en:beverages
YAOURT TENDRE;en:dairies
5% GREEK YOGURT;en:dairies
MUSCLY LA FORCE POUR GRANDIR;en:dairies
MAYONNAISE RECETTE ORIGINALE;en:condiments
SPREADABLE SLIGHTLY SALTED;en:dairies
MARGARINE LA PRAIRIE 225G;en:plant-based-foods-and-beverages
FAMILIA 200G;en:plant-based-foods-and-beverages
TARTINE DOUX;en:plant-based-foods-and-beverages
MAYONNAISE;en:condiments
HUILE DE TABLE LIO;en:plant-based-foods-and-beverages
PRIMEV√àRE BIO DOUX TARTINE & CUISSON;en:plant-based-foods-and-beverages
LE BEURRE TENDRE DOUX;en:dairies
LA PRAIRIE CLASSIQUE;en:plant-based-foods-and-beverages
HUILE DE TABLE √âQUILIBR√âE RICHE EN VITAMINES A,E,D3;en:plant-based-foods-and-beverages
BEURRE FRAIS PASTEURIS√â;en:dairies
VEGETABLE FAT SPREAD WITH 10% OLIVE OIL;en:plant-based-foods-and-beverages
MAYONNAISE;en:condiments
ST HUBERT BIO & V√âG√âTAL;en:plant-based-foods-and-beverages
FLORA BUTTERY;en:plant-based-foods-and-beverages
TARTINE DOUX;en:plant-based-foods-and-beverages
PROACTIV MARGARINE TARTINE;en:plant-based-foods-and-beverages
FILETS DE MAQUEREAU;en:seafood
SARDINES HUILE D'OLIVE VIERGE EXTRA;en:seafood
ATUN;en:seafood
JOLY THON ENTIER;en:seafood
ATUN C / TOMATE ISABEL;en:seafood
MIETTES DE MAQUEREAUX;en:seafood
THON JOLY;en:seafood
PLAIN SARDINES;en:seafood
TAM THON ENTIER A L'HUILE;en:seafood
FILETS DE MAQUEREAUX AU VIN BLANC;en:seafood
FILET DE MAQUEREAUX AU NATUREL;en:seafood
THON ENTIER AU NATUREL ALBACORE;en:seafood
FILETS DE MAQUEREAUX √Ä LA MOUTARDE;en:seafood
FILETS DE MAQUEREAUX GRILL√âS NATURES;en:seafood
AT√öN CLARO EN ACEITE DE OLIVA;en:seafood
CABILLAUD SAUCE CITRON RIZ AUX PETITS L√âGUMES;en:seafood
COD FISH FINGERS;en:seafood
LE MOELLEUX;en:seafood
THON A LHUILE;en:seafood
SPAGHETTI N.5;en:plant-based-foods-and-beverages
INDOMIE SHRIMP NOODLES;en:plant-based-foods-and-beverages
BARILLA PENNE RIGATE FULLKORN 500G;en:plant-based-foods-and-beverages
PENNE RIGATE N¬∞73;en:plant-based-foods-and-beverages
NOUILLES INSTANTAN√âES GO√õT POULET;en:plant-based-foods-and-beverages
FUSILLI;en:plant-based-foods-and-beverages
INSTANT NUDELN - CHICKEN FLAVOUR;en:plant-based-foods-and-beverages
P√ÇTES SPAGHETTI AU BL√â COMPLET INTEGRAL 500G;en:plant-based-foods-and-beverages
LASAGNE ALL'UOVO;en:plant-based-foods-and-beverages
INDOMIE;en:plant-based-foods-and-beverages
TORTELLINI RICOTTA & √âPINARDS;en:plant-based-foods-and-beverages
MEDIUM EGG NOODLES IMP;en:plant-based-foods-and-beverages
P√ÇTES SPAGHETTI N¬∞5 1KG;en:plant-based-foods-and-beverages
TORTELLONI RICOTTA ET √âPINARDS;en:plant-based-foods-and-beverages
RANA SPINACH AND RICOTTA FRESH TORTELLONI;en:plant-based-foods-and-beverages
SPAGHETTI SENZA GLUTINE;en:plant-based-foods-and-beverages
P√ÇTES LINGUINE COLLEZIONE 500G;en:plant-based-foods-and-beverages
LE RAVIOLI PUR BOEUF;en:plant-based-foods-and-beverages
SHIN RAMYUN NOODLE GOURMET SPICY;en:plant-based-foods-and-beverages
TOURTEL TWIST;en:beverages-and-beverages-preparations
CORONA EXTRA;en:beverages-and-beverages-preparations
DESPERADOS ORIGINAL AGUARDIENTE;en:beverages
PASTIS DE MARSEILLE;en:beverages-and-beverages-preparations
1664;en:beverages-and-beverages-preparations
OVOMALTINE - VITAMIN & MINERAL BARS, 5 CT 100G (3.5OZ);en:beverages
WAFER SANDWICH;en:beverages-and-beverages-preparations
THE ORIGINAL IRISH CREAM;en:beverages-and-beverages-preparations
GRIMBERGEN BLONDE;en:beverages-and-beverages-preparations
LEFFE BLONDE üç∫;en:beverages-and-beverages-preparations
BAILEYS;en:beverages-and-beverages-preparations
BIERE BUD;en:beverages
LIVE ROSTOY;en:beverages-and-beverages-preparations
BI√àRE BLONDE SANS ALCOOL 1664;en:beverages-and-beverages-preparations
PR√âPARATION DE FRUITS CL√âMENTINES ET ORANGES DE CORSE;en:beverages-and-beverages-preparations
ALKOHOLFREI;en:beverages-and-beverages-preparations
YAOURT GREC A BOIRE;en:beverages-and-beverages-preparations
APEROL;en:beverages-and-beverages-preparations
UNSWEETENED ORGANIC SOYMILK;en:beverages-and-beverages-preparations
ORGANIC GOOD SEED BREAD;en:plant-based-foods-and-beverages
ORGANIC GARBANZO BEANS;en:snacks
MUESLI WHOLE GRAIN CEREAL;en:plant-based-foods-and-beverages
BARBECUE SAUCE;en:condiments
BLACK BEANS;en:plant-based-foods-and-beverages
PITA CHIPS;en:undefined
MULTI GRAIN WHOLE GRAIN CRISPBREAD;en:undefined
SHELLS & REAL AGED CHEDDAR MACARONI & CHEESE;en:meals
BUTTER SPREAD WITH OLIVE OIL & SEA SALT;en:spreads
REAL MAYONNAISE;en:condiments
BUTTER WITH CANOLA OIL;en:dairies
REAL MAYONNAISE;en:condiments
PISTACHIOS;en:undefined
ROASTED GARLIC HUMMUS;en:condiments
NONFAT YOGURT;en:dairies
WHOLE GRAIN CRISPBREAD;en:undefined
LOW MOISTURE PART SKIM MOZZARELLA CHEESE;en:undefined
BLACK BEANS;en:plant-based-foods-and-beverages
ORGANIC BLACK BEANS;en:plant-based-foods-and-beverages
PAIN DE MIE GRANDES TRANCHES SEIGLE & GRAINES 500G;en:plant-based-foods-and-beverages
PIPAS;en:plant-based-foods-and-beverages
CHICKPEAS IN WATER;en:plant-based-foods-and-beverages
MUESLI CRUNCHY;en:plant-based-foods-and-beverages
PUY LENTILS & FRENCH GREEN LENTILS;en:plant-based-foods-and-beverages
PROTEIN PACKED LENTIL CAKES;en:plant-based-foods-and-beverages
IRISH ORGANIC JUMBO OATS;en:plant-based-foods-and-beverages
CERELAC;en:plant-based-foods-and-beverages
NUEZ NATURAL PELADA;en:plant-based-foods-and-beverages
TOMATOEY FRENCH PUY & GREEN LENTILS;en:plant-based-foods-and-beverages
HEINZ BAKED BEANS;en:plant-based-foods-and-beverages
SMOKY SPANISH-STYLE GRAINS & RICE;en:plant-based-foods-and-beverages
PEANUT BUTTER OAT BARS;en:plant-based-foods-and-beverages
TILDA STEAMED BROWN BASMATI RICE;en:plant-based-foods-and-beverages
LENTILLES PR√âPAR√âES;en:plant-based-foods-and-beverages
CHICKPEAS IN WATER;en:plant-based-foods-and-beverages
LENTILLES CUISIN√âES √Ä L'AUVERGNATE;en:plant-based-foods-and-beverages
FAKIAT BARBEQUE;en:plant-based-foods-and-beverages
BL√â TENDRE CUISSON 10 MIN EBLY 500 G;en:plant-based-foods-and-beverages
LES TRANCHES V√âG√â HARICOTS BLANCS;en:plant-based-foods-and-beverages
BAKED BEANS;en:plant-based-foods-and-beverages
PUR BEURRE DE CACAHU√àTE;en:plant-based-foods-and-beverages
BE NUTS ! - P√ÇTE √Ä TARTINER CACAHU√àTE;en:plant-based-foods-and-beverages
TOFOO NAKED;en:plant-based-foods-and-beverages
BEURRE BIO CACAHU√àTE;en:plant-based-foods-and-beverages
MENGUY'S PEANUT 100%;en:plant-based-foods-and-beverages
CREMA DE CACAHUETE;en:plant-based-foods-and-beverages
CRUNCHY PEANUT BUTTER;en:plant-based-foods-and-beverages
MENGUY'S BEURRE DE CACAHU√àTES CREAMY;en:plant-based-foods-and-beverages
CRUNCHY PEANUT BUTTER;en:plant-based-foods-and-beverages
CHICKPEAS IN WATER;en:plant-based-foods-and-beverages
PUY LENTILS & FRENCH GREEN LENTILS;en:plant-based-foods-and-beverages
100% CACAHUETES;en:plant-based-foods-and-beverages
BAKED BEANS;en:plant-based-foods-and-beverages
BEURRE DE CACAHU√àTES;en:plant-based-foods-and-beverages
CRUNCHY PEANUT BUTTER;en:plant-based-foods-and-beverages
SOYAMILCH;en:beverages-and-beverages-preparations
PEANUT BUTTER CREAMY;en:plant-based-foods-and-beverages
SMOOTH PEANUT BUTTER;en:plant-based-foods-and-beverages
TONIK;en:plant-based-foods-and-beverages
COSUMAR SUCRE EN LINGOT POUR LE TH√â 1 KG;en:sweeteners
SUNNY VIA AGAVE SYRUP SQUEEZE BOTTLE IMP;en:plant-based-foods-and-beverages
SIROP D'√âRABLE AMBR√â GO√õT RICHE;en:sweeteners
RUNNY HONEY IMP;en:breakfasts
POUDRE STEVIA;en:plant-based-foods-and-beverages
SQUEEZY HONEY;en:breakfasts
MIEL CR√âMEUX FRAN√áAIS & RESPONSABLE;en:breakfasts
TARTIMIEL¬Æ LUNE DE MIEL¬Æ DOSEUR 250 G;en:plant-based-foods-and-beverages
SIROP D'AGAVE;en:sweeteners
MIEL DE FLEURS;en:breakfasts
ORGANIC CLASSIC CANADIAN MAPLE SYRUP;en:sweeteners
MIEL DE FLEURS LIQUIDE DOSEUR 500G;en:breakfasts
ENMER;en:sweeteners
AGAVE NECTAR;en:plant-based-foods-and-beverages
CANADIAN MAPLE SYRUP;en:sweeteners
SUCRE AR√îME VANILLE;en:sweeteners
SCIROPPO D'ACERO CANADESE;en:sweeteners
CASSONADE PURE CANNE;en:sweeteners
VANILLA ICE CREAM;en:desserts
NOISETTA;en:desserts
ICE PULPE ORANGE 1.5CL;en:beverages-and-beverages-preparations
TRADITIONAL DAIRY ICE CREAM;en:desserts
–í–ê–ù–ò–õ–û–í –°–õ–ê–î–û–õ–ï–î –° –ü–ê–†–ß–ï–¢–ê –ë–ò–°–ö–í–ò–¢–ò –° –®–û–ö–û–õ–ê–î–û–í –ß–ò–ü–° –ò –®–û–ö–û–õ–ê–î–û–í–ò –ü–ê–†–ß–ï–¢–ê;en:desserts
NUTELLA-EIS;en:desserts
CARTE D'OR LES ESSENTIELS GLACE CR√àME GLAC√âE VANILLE 700ML;en:desserts
SWEDISH GLACE DAIRY-FREE SMOOTH VANILLA;en:plant-based-foods-and-beverages
CHOCOLATE FUDGE BROWNIE;en:desserts
CLOTTED CREAM ICE CREAM;en:desserts
MAGADASCAN VANILLA;en:desserts
TROPICAL PASSIONFRUIT & MANGO MOCHI ICE CREAM;en:desserts
TASTE THE DIFFERENCE VANILLA ICE CREAM;en:desserts
BON GELATI PREMIUM ALMOND ICE CREAM;en:desserts
ORGANIC VANILLA ICE CREAM;en:desserts
STRAWBERRIES & CREAM ICE CREAM;en:desserts
GLACES AMANDE;en:desserts
OASIS SORBET TROPICAL;en:desserts
DELUXE MADAGASCAR VANILLA ICE CREAM;en:desserts
SALTED CARAMEL ICE CREAM;en:desserts
MARGARINE LA PRAIRIE 225G;en:plant-based-foods-and-beverages
FAMILIA 200G;en:plant-based-foods-and-beverages
TARTINE DOUX;en:plant-based-foods-and-beverages
HUILE DE TABLE LIO;en:plant-based-foods-and-beverages
PRIMEV√àRE BIO DOUX TARTINE & CUISSON;en:plant-based-foods-and-beverages
LA PRAIRIE CLASSIQUE;en:plant-based-foods-and-beverages
HUILE DE TABLE √âQUILIBR√âE RICHE EN VITAMINES A,E,D3;en:plant-based-foods-and-beverages
VEGETABLE FAT SPREAD WITH 10% OLIVE OIL;en:plant-based-foods-and-beverages
ST HUBERT BIO & V√âG√âTAL;en:plant-based-foods-and-beverages
FLORA BUTTERY;en:plant-based-foods-and-beverages
TARTINE DOUX;en:plant-based-foods-and-beverages
PROACTIV MARGARINE TARTINE;en:plant-based-foods-and-beverages
OM√âGA 3¬Æ DOUX;en:plant-based-foods-and-beverages
HULE D'OLIVE;en:plant-based-foods-and-beverages
HUILE D'OLIVE VIERGE EXTRA;en:plant-based-foods-and-beverages
HOUILOR;en:plant-based-foods-and-beverages
OM√âGA 3 DOUX TARTINE & CUISSON;en:plant-based-foods-and-beverages
VEGAN SPREAD;en:plant-based-foods-and-beverages
GER√ñSTETE MANDEL OHNE ZUCKER;en:beverages-and-beverages-preparations
ALMONDS;en:plant-based-foods-and-beverages
CASHEWKERNE NATURBELASSEN;en:plant-based-foods-and-beverages
PUR BEURRE DE CACAHU√àTE;en:plant-based-foods-and-beverages
GER√ñSTETE MANDEL;en:beverages-and-beverages-preparations
BIO-ALMOND-MANDELMILCH;en:beverages-and-beverages-preparations
MENGUY'S PEANUT 100%;en:plant-based-foods-and-beverages
CREMA DE CACAHUETE;en:plant-based-foods-and-beverages
PROTEIN CACAHUETESü•ú & CHOCOLATüç´;en:plant-based-foods-and-beverages
CRUNCHY PEANUT BUTTER;en:plant-based-foods-and-beverages
PARANUSSKERNE;en:plant-based-foods-and-beverages
MENGUY'S BEURRE DE CACAHU√àTES CREAMY;en:plant-based-foods-and-beverages
BJORG AMANDE ALMOND SANS SUGRES- NO SUGAR;en:plant-based-foods-and-beverages
CRUNCHY PEANUT BUTTER;en:plant-based-foods-and-beverages
DORSET CEREALS SIMPLY NUTTY;en:plant-based-foods-and-beverages
BARRES DE FRUITS SECS & NOIX MYRTILLES;en:plant-based-foods-and-beverages
PROTEIN COCOA HAZELNUT BARS;en:plant-based-foods-and-beverages
EXCELLENCE NOIR PRODIGIEUX 90% CACAO;en:snacks
EXCELLENCE 70% COCOA INTENSE DARK;en:snacks
EXCELLENCE 85% CACAO RICH DARK;en:snacks
DARK CHOCOLATE 85% COCOA;en:snacks
ORGANIC 70% DARK CHOCOLATE BAR;en:snacks
EXCELLENCE NOIR INTENSE 70% CACAO;en:fermented-foods
DARK CHOCOLATE;en:snacks
EXCELLENCE NOIR PUISSANT 85% CACAO;en:snacks
EXTRA DARK CHOCOLATE 74% CACAO;en:snacks
DARK CHOCOLATE 70%;en:snacks
BITTER EXTRA KRAFTIG;en:snacks
NESTL√â DESSERT;en:snacks
CHOCOLAT AU LAIT;en:snacks
BIO CHOCOLAT NOIR CACAO 70%;en:snacks
DOUX 70% NOIR SUBTIL;en:snacks
CHOCOLAT NOIR 92% CACAO;en:snacks
ECUADOR DARK CHOCOLATE;en:snacks
DARK MILK CHOCOLATE;en:snacks
P'TIT NATURE COMPLET;en:snacks
PETITES MADELEINES;en:snacks
NAPOLITAIN;en:snacks
PETITS FOURS FINANCIERS;en:snacks
MERENDINA BIG;en:snacks
MILKA GALETTE CHOCO;en:snacks
DELUCE;en:snacks
SPOFY;en:snacks
GERBL√â - SUGAR FREE COCONUT COOKIE, 132G (4.7OZ);en:snacks
LA MADELEINE PUR BEURRE;en:snacks
PETITES MADELEINES P√âPITES CHOCOLAT;en:snacks
SAVANE;en:snacks
GERBL√â - SABL√âS SANS SUCRES SAVEUR CITRON ET YUZU, 132G (4.7OZ);en:snacks
KINDER - DELICE X10, 390G (13.8OZ);en:snacks
HOHOS;en:snacks
BIMO;en:snacks
MALT LOAF;en:snacks
EXCELO NOUGAT;en:snacks
HOHOS;en:snacks
RUNNY HONEY IMP;en:breakfasts
SQUEEZY HONEY;en:breakfasts
MIEL CR√âMEUX FRAN√áAIS & RESPONSABLE;en:breakfasts
TARTIMIEL¬Æ LUNE DE MIEL¬Æ DOSEUR 250 G;en:plant-based-foods-and-beverages
MIEL DE FLEURS;en:breakfasts
MIEL DE FLEURS LIQUIDE DOSEUR 500G;en:breakfasts
MIEL DE MONTAGNE;en:breakfasts
HONEY;en:breakfasts
MIEL D'EUCALYPTUS;en:breakfasts
HONEY;en:breakfasts
RUNNY HONEY;en:breakfasts
MIEL DE FLORES;en:breakfasts
MIEL DE FLEURS BIO LIQUIDE DOSEUR 500G;en:breakfasts
MIEL DE FRANCE;en:breakfasts
RUNNY HONEY;en:breakfasts
BIO FL√úSSIGER HONIG GOLDKLAR;en:breakfasts
BLOSSOM HONEY;en:breakfasts
MIEL DE FLEURS CR√âMEUX;en:breakfasts
ORGANIC HONEY;en:breakfasts
LIGHT & MILD HONEY;en:breakfasts
VEGAN BOUILLON POWDER REDUCED SALT;en:plant-based-foods-and-beverages
ORGANIC VEGETABLE STOCK CUBES;en:plant-based-foods-and-beverages
FRUIT & NUT MIX;en:plant-based-foods-and-beverages
ORGANIC CHICKEN STOCK CUBES 8 PACK;en:dried-products
–°–£–®–ï–ù–ò –ò –ó–ê–•–ê–†–û–°–ê–ù–ò –ë–û–†–û–í–ò–ù–ö–ò;en:plant-based-foods-and-beverages
COCOA ORANGE FRUIT & NUT BARS;en:plant-based-foods-and-beverages
INDOMIE SHRIMP NOODLES;en:plant-based-foods-and-beverages
ORGANIC BEEF STOCK CUBES 8 PACK;en:condiments
VERY LOW SALT ORGANIC VEGETABLE 6 STOCK CUBES;en:plant-based-foods-and-beverages
NOUILLES INSTANTAN√âES GO√õT POULET;en:plant-based-foods-and-beverages
INSTANT NUDELN - CHICKEN FLAVOUR;en:plant-based-foods-and-beverages
ABRICOT SEC;en:plant-based-foods-and-beverages
NUT & FRUIT MIX CLASSIC;en:plant-based-foods-and-beverages
CASHEW-CRANBERRY-MIX;en:plant-based-foods-and-beverages
NIDO;en:beverages-and-beverages-preparations
NAN OPTIPRO;en:beverages-and-beverages-preparations
INDOMIE;en:plant-based-foods-and-beverages
VEGETABLE STOCK POT 8 X IMP;en:plant-based-foods-and-beverages
VEGETABLE STOCK CUBES 8 X IMP;en:plant-based-foods-and-beverages
ORANGE JUICE;en:beverages-and-beverages-preparations
CAPPY PULPY;en:beverages-and-beverages-preparations
PRESSUP;en:beverages-and-beverages-preparations
PET 2L OASIS TROPICAL;en:beverages-and-beverages-preparations
PRESS UP;en:beverages-and-beverages-preparations
SHOT DE GINGEMBRE BIO;en:beverages-and-beverages-preparations
JUTOS;en:plant-based-foods-and-beverages
JUTOS COCKTAIL;en:beverages-and-beverages-preparations
ASSIRI PANACH√â;en:beverages-and-beverages-preparations
POMS;en:beverages-and-beverages-preparations
JUTOS;en:beverages-and-beverages-preparations
FRUITY BLACK CURRANTS;en:plant-based-foods-and-beverages
PAGO ACE - ORANGE - CAROTTE - CITRON;en:beverages-and-beverages-preparations
COLA;en:beverages-and-beverages-preparations
SUCCO DI LIMONE;en:beverages-and-beverages-preparations
ORANGINA ET SA PULPE !;en:plant-based-foods-and-beverages
PRESS UP MINI;en:beverages-and-beverages-preparations
33CL CAN SLIM TROPICAL;en:beverages-and-beverages-preparations
ICE POMME 1.5L;en:plant-based-foods-and-beverages
ORANGINA;en:beverages-and-beverages-preparations
CONCENTR√â DE TOMATES AICHA;en:plant-based-foods-and-beverages
TOMATES CERISES ALLONG√âES;en:plant-based-foods-and-beverages
AICHA TOMATO PASTE;en:plant-based-foods-and-beverages
CHOPPED TOMATOES;en:plant-based-foods-and-beverages
CREMA DE CACAHUETE;en:plant-based-foods-and-beverages
ITALIAN TOMATO PUR√âE DOUBLE CONCENTRATE;en:plant-based-foods-and-beverages
ITALIAN CHOPPED TOMATOES;en:plant-based-foods-and-beverages
CAROTTES R√ÇP√âES;en:plant-based-foods-and-beverages
CHOPPED TOMATOES;en:plant-based-foods-and-beverages
AUBERGINES CUISIN√âES √Ä LA PROVEN√áALE;en:plant-based-foods-and-beverages
COURGETTES CUISIN√âES √Ä LA PROVEN√áALE;en:plant-based-foods-and-beverages
PASSIERTE TOMATE;en:plant-based-foods-and-beverages
CHOPPED TOMATOES;en:plant-based-foods-and-beverages
SOLIS;en:plant-based-foods-and-beverages
CAROTTES R√ÇP√âES √Ä LA CIBOULETTE;en:plant-based-foods-and-beverages
HARICOTS VERTS 100G ENVIRON 25 CAL;en:plant-based-foods-and-beverages
ITALIAN CHOPPED TOMATOES IN TOMATO JUICE;en:plant-based-foods-and-beverages
BATCHELORS : MUSHY ORIGINAL;en:plant-based-foods-and-beverages
GESCH√ÑLTE TOMATEN;en:plant-based-foods-and-beverages
CHOPPED TOMATOES;en:plant-based-foods-and-beverages
BAKED BEANS;en:plant-based-foods-and-beverages
RATATOUILLE CUISIN√âE √Ä LA PROVEN√áALE CASSEGRAIN 380G;en:plant-based-foods-and-beverages
CHICKPEAS IN WATER;en:plant-based-foods-and-beverages
BAKED BEANS;en:plant-based-foods-and-beverages
CHOPPED TOMATOES;en:plant-based-foods-and-beverages
HEINZ BAKED BEANS;en:plant-based-foods-and-beverages
BAKED BEANS;en:plant-based-foods-and-beverages
ITALIAN CHOPPED TOMATOES;en:plant-based-foods-and-beverages
LENTILLES PR√âPAR√âES;en:plant-based-foods-and-beverages
CHOPPED TOMATOES;en:plant-based-foods-and-beverages
CHICKPEAS IN WATER;en:plant-based-foods-and-beverages
CHICK PEAS IN SALTED WATER;en:plant-based-foods-and-beverages
COURGETTES CUISIN√âES √Ä LA PROVEN√áALE;en:plant-based-foods-and-beverages
GREEN LENTILS IN WATER;en:plant-based-foods-and-beverages
CHICKPEAS IN WATER;en:plant-based-foods-and-beverages
LENTILLES CUISIN√âES √Ä L'AUVERGNATE;en:plant-based-foods-and-beverages
CHICKPEAS IN WATER;en:plant-based-foods-and-beverages
BUTTERBEANS IN WATER;en:plant-based-foods-and-beverages
CHOPPED TOMATOES;en:plant-based-foods-and-beverages
COOKED CHICKPEAS;en:plant-based-foods-and-beverages
LEVURE DE BI√àRE;en:food-additives
PROTEIN CACAHUETESü•ú & CHOCOLATüç´;en:plant-based-foods-and-beverages
PROTEIN COCOA HAZELNUT BARS;en:plant-based-foods-and-beverages
COCOA ORANGE FRUIT & NUT BARS;en:plant-based-foods-and-beverages
HIPRO 15G PROT√âINES;en:dairies
HIGH PROTEIN DRINK CACAO;en:beverages-and-beverages-preparations
PROTEIN CARAMEL SAL√â CACAHU√àTES;en:plant-based-foods-and-beverages
PREMIUM OMEGA-3;en:fats
PROTEIN OAT BOOSTS COCOA VANILLA;en:snacks
PROTEIN COCOA HAZELNUT BAR;en:plant-based-foods-and-beverages
BARRE C√âR√âALES PROT√âINES PEANUT& CHOCOLATüç´;en:snacks
MULTIVITAMIN;en:dietary-supplements
HIGH PROTEIN DRINK GUSTO VANIGLIA;en:beverages-and-beverages-preparations
SPORT;en:dairies
PROTEIN SALTED CARAMEL NUT;en:snacks
HUEL READY-TO-DRINK - CHOCOLATE;en:meals
HIGH PROTEIN MOUSSE LIDL;en:dairies
CHERGUI PROTEINE;en:beverages-and-beverages-preparations
FILETS DE MAQUEREAU;en:seafood
SARDINES HUILE D'OLIVE VIERGE EXTRA;en:seafood
ATUN;en:seafood
JOLY THON ENTIER;en:seafood
ATUN C / TOMATE ISABEL;en:seafood
MIETTES DE MAQUEREAUX;en:seafood
THON JOLY;en:seafood
PLAIN SARDINES;en:seafood
TAM THON ENTIER A L'HUILE;en:seafood
FILETS DE MAQUEREAUX AU VIN BLANC;en:seafood
FILET DE MAQUEREAUX AU NATUREL;en:seafood
THON ENTIER AU NATUREL ALBACORE;en:seafood
FILETS DE MAQUEREAUX √Ä LA MOUTARDE;en:seafood
FILETS DE MAQUEREAUX GRILL√âS NATURES;en:seafood
AT√öN CLARO EN ACEITE DE OLIVA;en:seafood
THON A LHUILE;en:seafood
THON ENTIER AU NATUREL;en:seafood
DELFY;en:seafood
FILETS DE SARDINES CITRON BASILIC;en:seafood
HUILE DE TABLE LIO;en:plant-based-foods-and-beverages
HUILE DE TABLE √âQUILIBR√âE RICHE EN VITAMINES A,E,D3;en:plant-based-foods-and-beverages
HULE D'OLIVE;en:plant-based-foods-and-beverages
HUILE D'OLIVE VIERGE EXTRA;en:plant-based-foods-and-beverages
HOUILOR;en:plant-based-foods-and-beverages
LIO HUILE DE TABLE;en:plant-based-foods-and-beverages
HUILE D'OLIVE VIERGE DE MAROC;en:plant-based-foods-and-beverages
HUILE LESIEUR 3 GRAINES;en:plant-based-foods-and-beverages
HUILE D'OLIVE;en:plant-based-foods-and-beverages
HUILE D'OLIVE VIERGE EXTRA BIO CLASSICO;en:plant-based-foods-and-beverages
HUILE D‚ÄôOLIVE;en:plant-based-foods-and-beverages
HUILE DE TOURNESOL;en:plant-based-foods-and-beverages
HEMANI COCONUT OIL PURE & NATURAL (400ML);en:plant-based-foods-and-beverages
HUILE DE GRIGNON D‚ÄôOLIVE;en:plant-based-foods-and-beverages
OLIVE OIL;en:plant-based-foods-and-beverages
AFIA;en:plant-based-foods-and-beverages
EXTRA VIRGIN OLIVE OIL;en:plant-based-foods-and-beverages
HUILE D'OLIVE BIO;en:plant-based-foods-and-beverages
HUILE D'OLIVE VIERGE EXTRA;en:plant-based-foods-and-beverages
HUILE ISIO 4;en:plant-based-foods-and-beverages
ORANGE JUICE;en:beverages-and-beverages-preparations
CAPPY PULPY;en:beverages-and-beverages-preparations
PRESSUP;en:beverages-and-beverages-preparations
PRESS UP;en:beverages-and-beverages-preparations
SHOT DE GINGEMBRE BIO;en:beverages-and-beverages-preparations
JUTOS;en:plant-based-foods-and-beverages
JUTOS COCKTAIL;en:beverages-and-beverages-preparations
JUTOS;en:beverages-and-beverages-preparations
PAGO ACE - ORANGE - CAROTTE - CITRON;en:beverages-and-beverages-preparations
SUCCO DI LIMONE;en:beverages-and-beverages-preparations
PRESS UP MINI;en:beverages-and-beverages-preparations
ICE POMME 1.5L;en:plant-based-foods-and-beverages
ORANGENSAFT;en:plant-based-foods-and-beverages
SIMON LIFE;en:plant-based-foods-and-beverages
JUICY ORANGES WHOLE FRUIT SQUASH;en:beverages-and-beverages-preparations
LE BIO POUR TOUTE LA FAMILLE MULTIFRUIT;en:plant-based-foods-and-beverages
PULPY P√àCNE;en:plant-based-foods-and-beverages
TROPICANA 100% ORANGES PRESS√âES SANS PULPE FORMAT FAMILIAL 1,5 L;en:plant-based-foods-and-beverages
NECTAR DE POMMES - DOUX - BIO;en:plant-based-foods-and-beverages
HAWAI ANANAS 1L;en:plant-based-foods-and-beverages
WEETABIX;en:plant-based-foods-and-beverages
CRUESLY M√âLANGE DE NOIX;en:plant-based-foods-and-beverages
FAMILY PACK;en:plant-based-foods-and-beverages
ZARTE HAFERFLOCKEN;en:plant-based-foods-and-beverages
FLOCONS D'AVOINE;en:plant-based-foods-and-beverages
CROUSTILLANT CHOCOLAT;en:plant-based-foods-and-beverages
WEETABIX ORIGINAL;en:plant-based-foods-and-beverages
36 WHEAT BISKS;en:plant-based-foods-and-beverages
MUESLI RAISIN, FIGUE, ABRICOT;en:plant-based-foods-and-beverages
SPECIAL MUESLI 30% FRUITS & NOIX;en:plant-based-foods-and-beverages
QUAKER ROLLED OATS;en:plant-based-foods-and-beverages
MUESLI SUPERFRUITS RAISINS, CASSIS,CRANBERRY, MYRTILLE;en:plant-based-foods-and-beverages
CORN FLAKES;en:plant-based-foods-and-beverages
FLOCONS D'AVOINE COMPL√àTE;en:plant-based-foods-and-beverages
COUNTRY CRISP 4 NOIX;en:plant-based-foods-and-beverages
COPOS DE AVENA;en:plant-based-foods-and-beverages
DORSET CEREALS SIMPLY NUTTY;en:plant-based-foods-and-beverages
MUESLI CRUNCHY;en:plant-based-foods-and-beverages
BITESIZE SHREDDED WHEAT;en:plant-based-foods-and-beverages
WHEAT BISCUITS;en:plant-based-foods-and-beverages
TONIK;en:plant-based-foods-and-beverages
DARK CHOCOLATE;en:snacks
TOFFIFEE;en:snacks
KINDER BUENO WHITE;en:snacks
CHOCOLATE;en:snacks
PEANUT;en:snacks
TOBLERONE;en:snacks
TONIK;en:snacks
COCO SPECIALTY;en:snacks
FERRERO ROCHER;en:snacks
KINDER COUNTRY;en:snacks
KINDER BUENO;en:snacks
MERCI FINEST SELECTION ASSORTED CHOCOLATES;en:snacks
DARK CHOCOLATE NUTS & SEA SALT BARS;en:plant-based-foods-and-beverages
SNICKERS;en:snacks
TWIX DOUBLE;en:snacks
FERRERO ROCHER;en:snacks
KINDER - DELICE X10, 390G (13.8OZ);en:snacks
KITKAT;en:snacks
BLANC DE POULET;en:meats-and-their-products
HERTA BLANC POULET NATURE CONSERVATION SANS NITRITE X4 -140G;en:meats-and-their-products
R√îTI DE POULET - 100% FILET;en:meats-and-their-products
CHICKEN ITALIA CHIPOLATAS;en:meats-and-their-products
AIGUILLETTES DE POULET ROTI;en:meats-and-their-products
TIRAS POLLO AL NATURAL;en:meats-and-their-products
PECHUGUITA DE POLLO ASADA AL HORNO;en:meats-and-their-products
L'ESCALOPE CORDON BLEU POULET;en:meats-and-their-products
LIGHTLY SALTED CORN CAKES;en:meats-and-their-products
HERTA BLANC POULET SEL R√âDUIT SANS NITRITE X4 140G;en:meats-and-their-products
TIRAS DE PECHUGA DE POLLO AL HORNO;en:meats-and-their-products
PAN√âS DE POULET X2;en:meats-and-their-products
FILET DE POULET R√îTI;en:meats-and-their-products
EMINC√âS DE POULET - R√îTIS AU FOUR;en:meats-and-their-products
CARNE DE KEBAB POLLO;en:meats-and-their-products
YAOURT;en:beverages-and-beverages-preparations
BLANC DE POULET  - 25% DE SEL*;en:meats-and-their-products
AIGUILLETTES DE POULET AU MIEL ET AUX √âPICES SEMOULE;en:meats-and-their-products
BLANC DE POULET - R√îTI √Ä LA BROCHE;en:meats-and-their-products
TABOUL√â AU POULET √Ä LA CIBOULETTE;en:snacks
GREEN TEA;en:beverages-and-beverages-preparations
41022;en:beverages-and-beverages-preparations
CHICOR√âE SOLUBLE NATURE;en:beverages-and-beverages-preparations
LE CHOCO;en:beverages-and-beverages-preparations
ÿ¥ÿßŸä ÿßŸÑŸÜÿ≥ŸÖÿ©;en:beverages-and-beverages-preparations
NESCAF√â SPECIAL FILTRE L'ORIGINAL FLACON DE 200G;en:beverages-and-beverages-preparations
BENCO ORIGINAL;en:beverages-and-beverages-preparations
NESCAF√â NES, CAF√â SOLUBLE, BOITE DE 200G;en:beverages-and-beverages-preparations
CAF√â MOULU PUR ARABICA DES PETITS PRODUCTEURS;en:plant-based-foods-and-beverages
BANANIA ORIGINAL - CACAO C√âR√âALES TOUCHE DE BANANE & MIEL;en:beverages-and-beverages-preparations
CHICOREE SOLUBLE NATURE BIO 100G;en:beverages-and-beverages-preparations
RICOR√â ORIGINAL CAF√â & CHICOR√âE;en:beverages-and-beverages-preparations
PET 1.2L MAYTEA MENTHE;en:beverages-and-beverages-preparations
CARTE NOIRE;en:beverages-and-beverages-preparations
APPLE & RAISIN OAT BAR;en:beverages-and-beverages-preparations
BOURNVILLE COCOA;en:beverages-and-beverages-preparations
INFUSION TOUCHE D'HIBISCUS;en:plant-based-foods-and-beverages
FAMILIAL;en:plant-based-foods-and-beverages
TH√â;en:plant-based-foods-and-beverages
ORIGINAL TASTE;en:beverages-and-beverages-preparations
OULMES NATURAL CARBONATED WATER;en:beverages-and-beverages-preparations
BTE 33CL SLIM COCA COLA;en:beverages-and-beverages-preparations
OULMES EAU GAZEUSE;en:beverages
COCA-COLA ZERO SUGAR - 330 ML;en:beverages-and-beverages-preparations
HAWAI TROPICAL;en:beverages-and-beverages-preparations
S. PELLEGRINO WATER;en:beverages-and-beverages-preparations
LA SALVETAT;en:beverages-and-beverages-preparations
COCA-COLA ZERO AZ√öCAR;en:beverages-and-beverages-preparations
COCA COLA 500ML;en:beverages-and-beverages-preparations
ZERO SUGAR;en:beverages-and-beverages-preparations
COCA-COLA;en:beverages-and-beverages-preparations
COCA COLA;en:beverages-and-beverages-preparations
EAU MIN√âRALE NATURELLE GAZEUSE;en:beverages-and-beverages-preparations
OULM√àS EAU MINERALE NATURELLEMENT GAZEUSE;en:beverages
COCA-COLA ORIGINAL TASTE;en:beverages-and-beverages-preparations
SPRITE;en:beverages
CRISTALINE EAU DE SOURCE P√âTILLANTE 1,5L;en:beverages
COCA-COLA SLIM 25CL;en:beverages-and-beverages-preparations
PRINCE GO√õT CHOCOLAT;en:snacks
TONIK;en:plant-based-foods-and-beverages
S√âSAME;en:snacks
ZERO SIN AZ√öCARES FIBRA;en:snacks
HENRY‚ÄôS;en:snacks
KING COOKIES;en:snacks
SABLE COCO HENRY S 42G;en:snacks
HENRY‚ÄôS;en:snacks
MOMO BLACK;en:snacks
ORIGINAL;en:snacks
BISCUITS CROQUANTS AU COEUR ONCTUEUX DE NUTELLA¬Æ;en:snacks
POMME üçè üçé NOISETTEü•ú;en:snacks
2 BARS MILK AND HAZELNUTS;en:snacks
FIGUE & SON;en:snacks
GRANOLA;en:snacks
HENRY'S SABLE COCO BISCUIT 85G;en:snacks
BISCUIT RAISINS;en:snacks
NUTRI+ AVOINE CHOCOLAT;en:snacks
DIGESTIVES;en:snacks
LIGHTLY SALTED LOW FAT CORN CAKES;en:plant-based-foods-and-beverages
CONFITURE DE FRAISE;en:plant-based-foods-and-beverages
EL BARAKA CONFITURE DE FRAISES 430 G;en:plant-based-foods-and-beverages
CONFITURE D'ABRICOT;en:plant-based-foods-and-beverages
EL BARAKA CONFITURE D'ABRICOTS 430 G;en:plant-based-foods-and-beverages
STRAWBERRY JAM;en:plant-based-foods-and-beverages
D√âLICIA - CONFITURE D'ABRICOT;en:plant-based-foods-and-beverages
DELICIA;en:plant-based-foods-and-beverages
DOCE EXTRA MORANGO;en:plant-based-foods-and-beverages
RASPBERRY CONSERVE;en:plant-based-foods-and-beverages
CONFITURE DE FRAISES AICHA;en:plant-based-foods-and-beverages
CONFITURE DE FRAISES;en:plant-based-foods-and-beverages
EL BARAKA;en:plant-based-foods-and-beverages
CONFITURE FRAISES;en:plant-based-foods-and-beverages
FRAISE INTENSE;en:plant-based-foods-and-beverages
D√âLICIA - CONFITURE D'ABRICOT;en:plant-based-foods-and-beverages
DOUBLE CONCENTR√â DE TOMATES;en:plant-based-foods-and-beverages
CONFITURE DE FRAISE;en:plant-based-foods-and-beverages
LA DELICIEUSE;en:plant-based-foods-and-beverages
CONFITURE FRAISE -30% DE SUCRES;en:plant-based-foods-and-beverages
RUNNY HONEY IMP;en:breakfasts
SQUEEZY HONEY;en:breakfasts
MIEL CR√âMEUX FRAN√áAIS & RESPONSABLE;en:breakfasts
TARTIMIEL¬Æ LUNE DE MIEL¬Æ DOSEUR 250 G;en:plant-based-foods-and-beverages
MIEL DE FLEURS;en:breakfasts
MIEL DE FLEURS LIQUIDE DOSEUR 500G;en:breakfasts
MIEL DE MONTAGNE;en:breakfasts
HONEY;en:breakfasts
MIEL D'EUCALYPTUS;en:breakfasts
HONEY;en:breakfasts
RUNNY HONEY;en:breakfasts
MIEL DE FLORES;en:breakfasts
MIEL DE FLEURS BIO LIQUIDE DOSEUR 500G;en:breakfasts
MIEL DE FRANCE;en:breakfasts
RUNNY HONEY;en:breakfasts
BIO FL√úSSIGER HONIG GOLDKLAR;en:breakfasts
BLOSSOM HONEY;en:breakfasts
MIEL DE FLEURS CR√âMEUX;en:breakfasts
ORGANIC HONEY;en:breakfasts
LIGHT & MILD HONEY;en:breakfasts
BAKED BEANS;en:plant-based-foods-and-beverages
CHICKPEAS IN WATER;en:plant-based-foods-and-beverages
PUY LENTILS & FRENCH GREEN LENTILS;en:plant-based-foods-and-beverages
BAKED BEANS;en:plant-based-foods-and-beverages
PROTEIN PACKED LENTIL CAKES;en:plant-based-foods-and-beverages
TOMATOEY FRENCH PUY & GREEN LENTILS;en:plant-based-foods-and-beverages
HEINZ BAKED BEANS;en:plant-based-foods-and-beverages
BAKED BEANS;en:plant-based-foods-and-beverages
LENTILLES PR√âPAR√âES;en:plant-based-foods-and-beverages
CHICKPEAS IN WATER;en:plant-based-foods-and-beverages
LENTILLES CUISIN√âES √Ä L'AUVERGNATE;en:plant-based-foods-and-beverages
YANKEE;en:plant-based-foods-and-beverages
LES TRANCHES V√âG√â HARICOTS BLANCS;en:plant-based-foods-and-beverages
ORIGINAL SALTED PEANUTS;en:plant-based-foods-and-beverages
CHICK PEAS IN SALTED WATER;en:plant-based-foods-and-beverages
LENTILLES CUISIN√âES, RIZ & SOJA;en:plant-based-foods-and-beverages
GREEN LENTILS IN WATER;en:plant-based-foods-and-beverages
CACAHU√àTES - GRILL√âES & SAL√âES;en:plant-based-foods-and-beverages
GREEN LENTILS IN WATER;en:plant-based-foods-and-beverages
PAAHDETTU MAAP√ÑHKIN√Ñ;en:plant-based-foods-and-beverages
CHEDDAR;en:dairies
COULOMMIERS DOUX ET CR√âMEUX;en:dairies
CAPRICE DES DIEUX;en:dairies
LE GO√õT PRIMEUR FORMAT FAMILIAL;en:dairies
PRESIDENT CAMEMBERT 250G;en:dairies
MATURE CHEDDAR;en:dairies
GARLIC & HERBS SOFT FRENCH CHEESE;en:dairies
SUAVE;en:dairies
L'ORIGINAL TARTARE AIL & FINES HERBES;en:dairies
LEERDAMMER ORIGINAL 8 TRANCHES 200G;en:dairies
NATURAL COTTAGE CHEESE;en:dairies
MOZZARELLA;en:dairies
CHAUSSEE AUX MOINES 340G;en:dairies
PHILADELPHIA NATURE 300G;en:dairies
PRESIDENT EMMENTAL COEUR DE MEULE 250G;en:dairies
EMMENTAL R√ÇP√â;en:dairies
MATURE CHEDDAR;en:dairies
PAYSAN BRETON - LE FROMAGE FOUETT√â MADAME LO√èK - AIL ET FINES HERBES DE NOS R√âGIONS FRAN√áAISES;en:dairies
CAMEMBERT;en:dairies
HULE D'OLIVE;en:plant-based-foods-and-beverages
HUILE D'OLIVE VIERGE EXTRA;en:plant-based-foods-and-beverages
HOUILOR;en:plant-based-foods-and-beverages
LIO HUILE DE TABLE;en:plant-based-foods-and-beverages
HUILE D'OLIVE VIERGE DE MAROC;en:plant-based-foods-and-beverages
HUILE D'OLIVE;en:plant-based-foods-and-beverages
HUILE D'OLIVE VIERGE EXTRA BIO CLASSICO;en:plant-based-foods-and-beverages
HUILE D‚ÄôOLIVE;en:plant-based-foods-and-beverages
HUILE DE GRIGNON D‚ÄôOLIVE;en:plant-based-foods-and-beverages
OLIVE OIL;en:plant-based-foods-and-beverages
PITTED GREEN OLIVES;en:plant-based-foods-and-beverages
EXTRA VIRGIN OLIVE OIL;en:plant-based-foods-and-beverages
HUILE D'OLIVE BIO;en:plant-based-foods-and-beverages
HUILE D'OLIVE VIERGE EXTRA;en:plant-based-foods-and-beverages
HUILE D'OLIVE;en:plant-based-foods-and-beverages
HUILE D'OLIVE VIERGE EXTRA;en:plant-based-foods-and-beverages
HUILE D'OLIVE;en:plant-based-foods-and-beverages
HUILE D‚ÄôOLIVE VIERGE EXTRA;en:plant-based-foods-and-beverages
HUILE D'OLIVE VIERGE EXTRA GRANFRUTTATO;en:plant-based-foods-and-beverages
HUILE D\'OLIVE;en:plant-based-foods-and-beverages
BLANC DE POULET;en:meats-and-their-products
HERTA BLANC POULET NATURE CONSERVATION SANS NITRITE X4 -140G;en:meats-and-their-products
R√îTI DE POULET - 100% FILET;en:meats-and-their-products
AIGUILLETTES DE POULET ROTI;en:meats-and-their-products
TIRAS POLLO AL NATURAL;en:meats-and-their-products
PECHUGUITA DE POLLO ASADA AL HORNO;en:meats-and-their-products
LIGHTLY SALTED CORN CAKES;en:meats-and-their-products
TIRAS DE PECHUGA DE POLLO AL HORNO;en:meats-and-their-products
PAN√âS DE POULET X2;en:meats-and-their-products
FILET DE POULET R√îTI;en:meats-and-their-products
EMINC√âS DE POULET - R√îTIS AU FOUR;en:meats-and-their-products
CARNE DE KEBAB POLLO;en:meats-and-their-products
BLANC DE POULET  - 25% DE SEL*;en:meats-and-their-products
AIGUILLETTES DE POULET AU MIEL ET AUX √âPICES SEMOULE;en:meats-and-their-products
BLANC DE POULET - R√îTI √Ä LA BROCHE;en:meats-and-their-products
TABOUL√â AU POULET √Ä LA CIBOULETTE;en:snacks
CHICKEN DIPPERS;en:meats-and-their-products
CORDONS BLEUS DE POULET;en:meats-and-their-products
FINE DE POULET;en:meats-and-their-products
HERTA KNACKI SAUCISSES 100% POULET X6 - 210G;en:meats-and-their-products
RUNNY HONEY IMP;en:breakfasts
SQUEEZY HONEY;en:breakfasts
MIEL CR√âMEUX FRAN√áAIS & RESPONSABLE;en:breakfasts
TARTIMIEL¬Æ LUNE DE MIEL¬Æ DOSEUR 250 G;en:plant-based-foods-and-beverages
MIEL DE FLEURS;en:breakfasts
MIEL DE FLEURS LIQUIDE DOSEUR 500G;en:breakfasts
MIEL DE MONTAGNE;en:breakfasts
HONEY;en:breakfasts
MIEL D'EUCALYPTUS;en:breakfasts
HONEY;en:breakfasts
RUNNY HONEY;en:breakfasts
MIEL DE FLORES;en:breakfasts
MIEL DE FLEURS BIO LIQUIDE DOSEUR 500G;en:breakfasts
MIEL DE FRANCE;en:breakfasts
RUNNY HONEY;en:breakfasts
BIO FL√úSSIGER HONIG GOLDKLAR;en:breakfasts
BLOSSOM HONEY;en:breakfasts
MIEL DE FLEURS CR√âMEUX;en:breakfasts
ORGANIC HONEY;en:breakfasts
LIGHT & MILD HONEY;en:breakfasts
LIGHTLY SEA SALTED;en:plant-based-foods-and-beverages
SOUR CREAM & ONION;en:snacks
CHIPS;en:plant-based-foods-and-beverages
PRINGLES SARE;en:plant-based-foods-and-beverages
PRINGLES ORIGINAL;en:snacks
–ö–ê–†–¢–û–§–ï–õ–¨–ù–´–ï –ß–ò–ü–°–´ –°–û –í–ö–£–°–û–ú –ü–ê–†–ò–ö–ò;en:plant-based-foods-and-beverages
PRINGLES ORIGINAL;en:snacks
PRINGLES;en:snacks
SEA SALT & CIDER VINEGAR CHIPS;en:plant-based-foods-and-beverages
SOUR CREAM & ONION;en:snacks
PROPERCHIPS SEA SALT LENTIL CHIPS;en:snacks
PRINGLES ORIGINAL;en:snacks
CHIPS DE LENTILLES SAVEUR FINES HERBES;en:snacks
LAY'S CUITES AU FOUR NATURE;en:plant-based-foods-and-beverages
SOUR CREAM & ONION¬Æ;en:plant-based-foods-and-beverages
PRINGLES SOUR CREAM;en:plant-based-foods-and-beverages
PRINGLES;en:plant-based-foods-and-beverages
PELOTAZOS FUTEBOLAS;en:snacks
PRINGLES TEXAS BBQ 165G AJMAN;en:snacks
CHIPS SAVEUR FROMAGE DU JURA;en:plant-based-foods-and-beverages
BONBON √Ä LA S√àVE DE PIN;en:snacks
300G DRAGIBUS SOFT HARIBO;en:snacks
230G VICHY MENTHE;en:snacks
CHAMALLOW;en:snacks
220G TAGADA DOYPACK HARIBO;en:snacks
50G RICOLA CITRON MELISSE;en:snacks
CROCO;en:snacks
MENTOS FRUIT;en:snacks
JELLY SNAKES;en:snacks
50G RICOLA FRAMBOISE MELISSE;en:snacks
50G RICOLA EUCALYPTUS;en:snacks
TAGADA, L'ORIGINALE;en:snacks
600G HAPPY BOX HARIBO;en:snacks
200G SCOUBIDOU LUTTI;en:snacks
LONGFIZZ;en:snacks
GAUFRES C√îTE D‚ÄôOR;en:snacks
WRIGLEYS EXTRA SPEARMINT 84G;en:snacks
SCHTROUMPFS;en:snacks
A√èN SOLTANE;en:beverages-and-beverages-preparations
–°–£–®–ï–ù–ò –ò –ó–ê–•–ê–†–û–°–ê–ù–ò –ë–û–†–û–í–ò–ù–ö–ò;en:plant-based-foods-and-beverages
COCOA ORANGE;en:plant-based-foods-and-beverages
CROWNFIELD PREMIUM FRUIT AND NUT MUESLI;en:plant-based-foods-and-beverages
CR√àME YAOURT BRASS√â üçã;en:plant-based-foods-and-beverages
ASSAISONNEMENT AROMATISE AU CITRON;en:plant-based-foods-and-beverages
BIO KNUSPER M√úSLI FR√úCHTE;en:plant-based-foods-and-beverages
PERLY FA√áON TARTE AUX FRAISES;en:plant-based-foods-and-beverages
SOFT PITTED DATES;en:plant-based-foods-and-beverages
COMPOTE POMME NATURE;en:plant-based-foods-and-beverages
JUS JOKER MULTIFRUIT;en:plant-based-foods-and-beverages
GREEK FETA;en:plant-based-foods-and-beverages
DATTELN;en:plant-based-foods-and-beverages
SOFT DATES;en:plant-based-foods-and-beverages
PRUNEAUX D'AGEN D√âNOYAUT√âS;en:plant-based-foods-and-beverages
ANANAS. ST√úCKE;en:plant-based-foods-and-beverages
BIO ET √âQUITABLE;en:plant-based-foods-and-beverages
APFELSAFT AUS APFELSAFTKONZENTRAT;en:beverages-and-beverages-preparations
PI√ëA EN SU JUGO;en:plant-based-foods-and-beverages
ALMONDS;en:plant-based-foods-and-beverages
CASHEWKERNE NATURBELASSEN;en:plant-based-foods-and-beverages
MENGUY'S PEANUT 100%;en:plant-based-foods-and-beverages
PARANUSSKERNE;en:plant-based-foods-and-beverages
MENGUY'S BEURRE DE CACAHU√àTES CREAMY;en:plant-based-foods-and-beverages
DORSET CEREALS SIMPLY NUTTY;en:plant-based-foods-and-beverages
PISTACHES DE CALIFORNIE;en:plant-based-foods-and-beverages
PISTACCHI;en:plant-based-foods-and-beverages
NUEZ NATURAL PELADA;en:plant-based-foods-and-beverages
PECAN NUTS NATURAL;en:plant-based-foods-and-beverages
CREMA DE CACAHUETE;en:plant-based-foods-and-beverages
HASELNUSSKERNE GER√ñSTET;en:plant-based-foods-and-beverages
YANKEE;en:plant-based-foods-and-beverages
CREMA DE CACAHUETE AMENDOIM;en:plant-based-foods-and-beverages
ORIGINAL SALTED PEANUTS;en:plant-based-foods-and-beverages
CACAHU√àTES - GRILL√âES & SAL√âES;en:plant-based-foods-and-beverages
PAAHDETTU MAAP√ÑHKIN√Ñ;en:plant-based-foods-and-beverages
GRAZE MARMITE CRUNCH;en:plant-based-foods-and-beverages
LIGHTLY SEA SALTED;en:plant-based-foods-and-beverages
SOUR CREAM & ONION;en:snacks
CHIPS;en:plant-based-foods-and-beverages
PRINGLES SARE;en:plant-based-foods-and-beverages
PRINGLES ORIGINAL;en:snacks
–ö–ê–†–¢–û–§–ï–õ–¨–ù–´–ï –ß–ò–ü–°–´ –°–û –í–ö–£–°–û–ú –ü–ê–†–ò–ö–ò;en:plant-based-foods-and-beverages
PRINGLES ORIGINAL;en:snacks
PRINGLES;en:snacks
SEA SALT & CIDER VINEGAR CHIPS;en:plant-based-foods-and-beverages
SOUR CREAM & ONION;en:snacks
PROPERCHIPS SEA SALT LENTIL CHIPS;en:snacks
PRINGLES ORIGINAL;en:snacks
CHIPS DE LENTILLES SAVEUR FINES HERBES;en:snacks
LAY'S CUITES AU FOUR NATURE;en:plant-based-foods-and-beverages
SOUR CREAM & ONION¬Æ;en:plant-based-foods-and-beverages
PRINGLES SOUR CREAM;en:plant-based-foods-and-beverages
PRINGLES;en:plant-based-foods-and-beverages
PELOTAZOS FUTEBOLAS;en:snacks
PRINGLES TEXAS BBQ 165G AJMAN;en:snacks
CHIPS SAVEUR FROMAGE DU JURA;en:plant-based-foods-and-beverages
HERTA LE BON PARIS JAMBON √Ä L'√âTOUFF√âE SANS NITRITE X4-140G;en:meats-and-their-products
LE SUP√âRIEUR - √Ä L'ETOUFF√âE - CONSERVATION SANS NITRITE;en:meats-and-their-products
LE SUP√âRIEUR -25% DE SEL - CONSERVATION SANS NITRITE;en:meats-and-their-products
HERTA LE BON PARIS JAMBON SEL R√âDUIT SANS NITRITE X4-140G;en:meats-and-their-products
HERTA LE BON PARIS JAMBON √Ä L'√âTOUFF√âE X4 -170G;en:meats-and-their-products
ZERO NITRITE - LE SUPERIEUR;en:meats-and-their-products
JAM√ìN COCIDO NATURAL;en:meats-and-their-products
JAM√ìN COCIDO EXTRA;en:meats-and-their-products
HERTA LE BON PARIS JAMBON √Ä L'√âTOUFF√âE X6 -255G;en:meats-and-their-products
JAMON SERRANO;en:meats-and-their-products
JAMBON SIMPLEMENT BIO - CONSERVATION SANS NITRITE;en:meats-and-their-products
ALLUMETTES DE JAMBON;en:meats-and-their-products
LE TRANCH√â FIN - D√âGUSTATION - 25% DE SEL*;en:meats-and-their-products
JAMBON LE SUP√âRIEUR -25% DE SEL;en:meats-and-their-products
LE JAMBON SUP√âRIEUR SANS COUENNE SANS NITRITE;en:meats-and-their-products
FINAS LONCHAS;en:meats-and-their-products
HERTA LE BON PARIS JAMBON √Ä L'√âTOUFF√âE SANS NITRITE X6 -210G;en:meats-and-their-products
HERTA LE BON PARIS JAMBON SEL R√âDUIT X4 - 140G;en:meats-and-their-products
LE TORCHON - CUIT √Ä L'ETOUFF√âE  - 25% DE SEL*;en:meats-and-their-products
JAMON COCIDO;en:meats-and-their-products
CAPPY PULPY;en:beverages-and-beverages-preparations
PRESSUP;en:beverages-and-beverages-preparations
PRESS UP;en:beverages-and-beverages-preparations
SHOT DE GINGEMBRE BIO;en:beverages-and-beverages-preparations
JUTOS;en:plant-based-foods-and-beverages
JUTOS COCKTAIL;en:beverages-and-beverages-preparations
JUTOS;en:beverages-and-beverages-preparations
PAGO ACE - ORANGE - CAROTTE - CITRON;en:beverages-and-beverages-preparations
SUCCO DI LIMONE;en:beverages-and-beverages-preparations
PRESS UP MINI;en:beverages-and-beverages-preparations
ICE POMME 1.5L;en:plant-based-foods-and-beverages
ORANGENSAFT;en:plant-based-foods-and-beverages
SIMON LIFE;en:plant-based-foods-and-beverages
JUICY ORANGES WHOLE FRUIT SQUASH;en:beverages-and-beverages-preparations
PULPY P√àCNE;en:plant-based-foods-and-beverages
TROPICANA 100% ORANGES PRESS√âES SANS PULPE FORMAT FAMILIAL 1,5 L;en:plant-based-foods-and-beverages
M√âLANGES DE FRUITS;en:beverages-and-beverages-preparations
1L PUR JUS ORANGE JOKER NEW;en:plant-based-foods-and-beverages
JUS D'ORANGE SANS PULPE;en:plant-based-foods-and-beverages
FRUTAS MEZCLADAS;en:beverages-and-beverages-preparations
ORIGINAL TASTE;en:beverages-and-beverages-preparations
BTE 33CL SLIM COCA COLA;en:beverages-and-beverages-preparations
COCA-COLA ZERO SUGAR - 330 ML;en:beverages-and-beverages-preparations
HAWAI TROPICAL;en:beverages-and-beverages-preparations
COCA-COLA ZERO AZ√öCAR;en:beverages-and-beverages-preparations
COCA COLA 500ML;en:beverages-and-beverages-preparations
ZERO SUGAR;en:beverages-and-beverages-preparations
COCA-COLA;en:beverages-and-beverages-preparations
COCA COLA;en:beverages-and-beverages-preparations
COCA-COLA ORIGINAL TASTE;en:beverages-and-beverages-preparations
SPRITE;en:beverages
COCA-COLA SLIM 25CL;en:beverages-and-beverages-preparations
COCA-COLA;en:beverages-and-beverages-preparations
POMS;en:beverages-and-beverages-preparations
PET 1.75L COCA;en:beverages
COLA;en:beverages-and-beverages-preparations
ORANGINA ET SA PULPE !;en:plant-based-foods-and-beverages
COCA-COLA ZERO;en:beverages-and-beverages-preparations
VANILLA ICE CREAM;en:desserts
NOISETTA;en:desserts
ICE PULPE ORANGE 1.5CL;en:beverages-and-beverages-preparations
TRADITIONAL DAIRY ICE CREAM;en:desserts
–í–ê–ù–ò–õ–û–í –°–õ–ê–î–û–õ–ï–î –° –ü–ê–†–ß–ï–¢–ê –ë–ò–°–ö–í–ò–¢–ò –° –®–û–ö–û–õ–ê–î–û–í –ß–ò–ü–° –ò –®–û–ö–û–õ–ê–î–û–í–ò –ü–ê–†–ß–ï–¢–ê;en:desserts
NUTELLA-EIS;en:desserts
CARTE D'OR LES ESSENTIELS GLACE CR√àME GLAC√âE VANILLE 700ML;en:desserts
SWEDISH GLACE DAIRY-FREE SMOOTH VANILLA;en:plant-based-foods-and-beverages
CHOCOLATE FUDGE BROWNIE;en:desserts
CLOTTED CREAM ICE CREAM;en:desserts
MAGADASCAN VANILLA;en:desserts
TROPICAL PASSIONFRUIT & MANGO MOCHI ICE CREAM;en:desserts
TASTE THE DIFFERENCE VANILLA ICE CREAM;en:desserts
BON GELATI PREMIUM ALMOND ICE CREAM;en:desserts
ORGANIC VANILLA ICE CREAM;en:desserts
STRAWBERRIES & CREAM ICE CREAM;en:desserts
GLACES AMANDE;en:desserts
OASIS SORBET TROPICAL;en:desserts
DELUXE MADAGASCAR VANILLA ICE CREAM;en:desserts
SALTED CARAMEL ICE CREAM;en:desserts
PORK SAUSAGES;en:meats-and-their-products
HERTA KNACKI VEGGIE SAUCISSES V√âG√âTALES X6 -210G;en:plant-based-foods-and-beverages
NO ARTIFICIAL ADDITIVES 6 PORK SAUSAGES;en:meats-and-their-products
CHICKEN ITALIA CHIPOLATAS;en:meats-and-their-products
LINCOLNSHIRE SAUSAGES;en:plant-based-foods-and-beverages
VEGANE POMMERSCHE SCHNITTLAUCH;en:plant-based-foods-and-beverages
FUET ESPETEC EXTRA;en:meats-and-their-products
HERTA KNACKI SAUCISSES 100% PUR PORC X10 - 350G;en:meats-and-their-products
PROPER PORKER 6 BRITISH PORK SAUSAGES;en:meats-and-their-products
SIMPLY CHICKEN CHIPOLATAS;en:meats-and-their-products
HERTA KNACKI SAUCISSES 100% PUR PORC SANS NITRITE X6 -210G;en:meats-and-their-products
EDELSALAMI DELICACY;en:meats-and-their-products
PEANUT BUTTER CRUNCH;en:plant-based-foods-and-beverages
SALCHICHAS FRANKFURT;en:meats-and-their-products
CRENVUR»òTI PITICEL;en:meats-and-their-products
FINE DE POULET;en:meats-and-their-products
HERTA KNACKI SAUCISSES 100% PUR PORC X6 - 210G;en:meats-and-their-products
HERTA KNACKI VEGGIE SAUCISSES V√âG√âTALES X4 -140G;en:plant-based-foods-and-beverages
V√âRITABLES KNACKS D'ALSACE;en:meats-and-their-products
HERTA KNACKI SAUCISSES 100% POULET X6 - 210G;en:meats-and-their-products
JBEN;en:dairies
MARMITE YEAST EXTRACT;en:dairies
MARGARINE LA PRAIRIE 225G;en:plant-based-foods-and-beverages
TARTINE DOUX;en:plant-based-foods-and-beverages
JEBLI;en:dairies
PRIMEV√àRE BIO DOUX TARTINE & CUISSON;en:plant-based-foods-and-beverages
LA PRAIRIE CLASSIQUE;en:plant-based-foods-and-beverages
PHILADELPHIA;en:dairies
VEGETABLE FAT SPREAD WITH 10% OLIVE OIL;en:plant-based-foods-and-beverages
CARR√â FRAIS - NATURE;en:dairies
ST HUBERT BIO & V√âG√âTAL;en:plant-based-foods-and-beverages
FLORA BUTTERY;en:plant-based-foods-and-beverages
PAYSAN BRETON - LE FROMAGE FOUETT√â MADAME LO√èK - NATURE AU SEL DE GU√âRANDE;en:dairies
TARTINE DOUX;en:plant-based-foods-and-beverages
PROACTIV MARGARINE TARTINE;en:plant-based-foods-and-beverages
OM√âGA 3¬Æ DOUX;en:plant-based-foods-and-beverages
KIRI CARR√â 8P;en:dairies
ALVALLE GAZPACHO L'ORIGINAL;en:plant-based-foods-and-beverages
CREAM OF TOMATO SOUP;en:meals
INSTANT NUDELN - CHICKEN FLAVOUR;en:plant-based-foods-and-beverages
CLASSIC CHICKEN SOUP;en:meals
ROAST CHICKEN AND TRADITIONAL VEGETABLES;en:meals
CALDO CASERO DE POLLO;en:meals
VEGETABLE STOCK POT 8 X IMP;en:plant-based-foods-and-beverages
PURSOUP' VELOUT√â DE 10 L√âGUMES;en:plant-based-foods-and-beverages
GAZPACHO ORIGINAL;en:plant-based-foods-and-beverages
GAZPACHO TRADICIONAL;en:plant-based-foods-and-beverages
SHIN RAMYUN NOODLE GOURMET SPICY;en:plant-based-foods-and-beverages
VEGETABLE SOUP;en:plant-based-foods-and-beverages
KNORR SOUPE MINESTRONE √Ä L'HUILE D'OLIVE 104G 4 PORTIONS;en:plant-based-foods-and-beverages
YUM YUM SHRIMPS;en:plant-based-foods-and-beverages
MISO EASY (TRADITIONAL);en:plant-based-foods-and-beverages
MUSHROOM SOUP;en:plant-based-foods-and-beverages
COVENT GARDEN SOUP;en:plant-based-foods-and-beverages
TOMATO & BASIL;en:plant-based-foods-and-beverages
CULLY & SULLY, CHICKEN VEGETABLE SOUP;en:meals
YUMYUM BEEF;en:plant-based-foods-and-beverages
CONFITURE DE FRAISE;en:plant-based-foods-and-beverages
EL BARAKA CONFITURE DE FRAISES 430 G;en:plant-based-foods-and-beverages
CONFITURE D'ABRICOT;en:plant-based-foods-and-beverages
EL BARAKA CONFITURE D'ABRICOTS 430 G;en:plant-based-foods-and-beverages
STRAWBERRY JAM;en:plant-based-foods-and-beverages
D√âLICIA - CONFITURE D'ABRICOT;en:plant-based-foods-and-beverages
DELICIA;en:plant-based-foods-and-beverages
DOCE EXTRA MORANGO;en:plant-based-foods-and-beverages
RASPBERRY CONSERVE;en:plant-based-foods-and-beverages
CONFITURE DE FRAISES AICHA;en:plant-based-foods-and-beverages
CONFITURE DE FRAISES;en:plant-based-foods-and-beverages
EL BARAKA;en:plant-based-foods-and-beverages
CONFITURE FRAISES;en:plant-based-foods-and-beverages
FRAISE INTENSE;en:plant-based-foods-and-beverages
D√âLICIA - CONFITURE D'ABRICOT;en:plant-based-foods-and-beverages
DOUBLE CONCENTR√â DE TOMATES;en:plant-based-foods-and-beverages
CONFITURE DE FRAISE;en:plant-based-foods-and-beverages
LA DELICIEUSE;en:plant-based-foods-and-beverages
CONFITURE FRAISE -30% DE SUCRES;en:plant-based-foods-and-beverages
LAIT;en:dairies
LAIT ENTIER UHT;en:dairies
LAIT FRAIS;en:dairies
SALIM;en:dairies
LAIT U.H.T ENTIER;en:dairies
LAIT ENTIER UHT;en:dairies
GER√ñSTETE MANDEL;en:beverages-and-beverages-preparations
LBEN CARTON PASTEURISER;en:beverages-and-beverages-preparations
LE BON LAIT;en:dairies
LE LAIT DEMI √âCR√âM√â;en:dairies
LAIT FRAIS 15 JOURS;en:dairies
SALIM;en:dairies
CROISSANCE R√âDUIT EN SUCRE;en:dairies
JIBAL;en:dairies
SEMI-SKIMMED 1.8% FAT MILK;en:dairies
ALBANE;en:dairies
RAIBI JAMILA;en:beverages-and-beverages-preparations
PAIN DE MIE GRANDES TRANCHES SEIGLE & GRAINES 500G;en:plant-based-foods-and-beverages
MUESLI CRUNCHY;en:plant-based-foods-and-beverages
IRISH ORGANIC JUMBO OATS;en:plant-based-foods-and-beverages
CERELAC;en:plant-based-foods-and-beverages
SMOKY SPANISH-STYLE GRAINS & RICE;en:plant-based-foods-and-beverages
PEANUT BUTTER OAT BARS;en:plant-based-foods-and-beverages
TILDA STEAMED BROWN BASMATI RICE;en:plant-based-foods-and-beverages
FAKIAT BARBEQUE;en:plant-based-foods-and-beverages
BL√â TENDRE CUISSON 10 MIN EBLY 500 G;en:plant-based-foods-and-beverages
FLAXSEED;en:plant-based-foods-and-beverages
GOOD GRAINS SPANISH STYLE GRAINS;en:plant-based-foods-and-beverages
GLORIOUS GRAINS;en:plant-based-foods-and-beverages
LOVE, CORN (SEA SALT);en:plant-based-foods-and-beverages
PURE BASMATI RICE;en:plant-based-foods-and-beverages
TILDA BROWN BASMATI AND WILD RICEA;en:plant-based-foods-and-beverages
CLASSIC WHOLEGRAIN RICE;en:plant-based-foods-and-beverages
QUINOA GOURMAND;en:plant-based-foods-and-beverages
WHOLE CHIA SEEDS;en:plant-based-foods-and-beverages
RIZ BASMATI DU PENJAB;en:plant-based-foods-and-beverages
L'ORIGINAL;en:plant-based-foods-and-beverages
VEGAN BOUILLON POWDER REDUCED SALT;en:plant-based-foods-and-beverages
ORGANIC VEGETABLE STOCK CUBES;en:plant-based-foods-and-beverages
FRUIT & NUT MIX;en:plant-based-foods-and-beverages
–°–£–®–ï–ù–ò –ò –ó–ê–•–ê–†–û–°–ê–ù–ò –ë–û–†–û–í–ò–ù–ö–ò;en:plant-based-foods-and-beverages
COCOA ORANGE FRUIT & NUT BARS;en:plant-based-foods-and-beverages
ABRICOT SEC;en:plant-based-foods-and-beverages
NUT & FRUIT MIX CLASSIC;en:plant-based-foods-and-beverages
CASHEW-CRANBERRY-MIX;en:plant-based-foods-and-beverages
VEGETABLE STOCK CUBES 8 X IMP;en:plant-based-foods-and-beverages
CHICKEN STOCK POT 8 X;en:plant-based-foods-and-beverages
DRIED MANGO;en:plant-based-foods-and-beverages
SOFT PITTED DATES;en:plant-based-foods-and-beverages
SECRET D'AR√îMES PLEIN SUD;en:plant-based-foods-and-beverages
MAGGI BOUILLON BIO L√âGUMES 80G;en:plant-based-foods-and-beverages
ORGANIC SWISS VEGETABLE VEGAN BOUILLON POWDER;en:plant-based-foods-and-beverages
MAGGI BOUILLON KUB L√âGUMES;en:plant-based-foods-and-beverages
BEAR PURE FRUIT YOYOS STRAWBERRY 20G;en:plant-based-foods-and-beverages
NUTS ROYAL;en:plant-based-foods-and-beverages
BOUILLON CUBE L√âGUMES D√âGRAISS√â;en:plant-based-foods-and-beverages
MAGGI BOUILLON KUB L√âGUMES SEL R√âDUIT 120G;en:plant-based-foods-and-beverages
MARGHERITA SOURDOUGH PIZZA;en:meals
PIZZA;en:frozen-foods
CLASSIC MARGHERITA MOZZARELLA & TOMATO PIZZA;en:meals
PIZZA BASE WITH TOMATO SAUCE;en:meals
RISTORANTE PIZZA MOZZARELLA;en:frozen-foods
RISTORANTE PIZZA TONNO;en:frozen-foods
RISTORANTE PIZZA VEGETALE;en:frozen-foods
DOLCE PIZZA PROSCIUTTO;en:meals
HIGGIDY SPINACH,FETA & ROASTED PEPPER QUICHE 400G;en:meals
MARGHERITA SOURDOUGH PIZZA;en:frozen-foods
FIORENTINA SOURDOUGH PIZZA;en:meals
TOMAPIZZA;en:condiments
DOLCE PIZZA - REGINA;en:meats-and-their-products
RISTORANTE PIZZA MOZZARELLA;en:meals
RISTORANTE PIZZA QUATTRO FROMAGGI;en:frozen-foods
PIZZERIA STROMBOLI SPICY SALAMI;en:meals
STONEBAKED THIN MARGHERITA PIZZA;en:frozen-foods
STONEBAKED MARGHERITA HAND STRETCHED PIZZA;en:meals
PIZZA CUITE SUR PIERRE - MARGHERITA;en:frozen-foods
RATATOUILLE CUISIN√âE √Ä LA PROVEN√áALE CASSEGRAIN 380G;en:plant-based-foods-and-beverages
CHOPPED TOMATOES;en:plant-based-foods-and-beverages
ITALIAN CHOPPED TOMATOES;en:plant-based-foods-and-beverages
CHOPPED TOMATOES;en:plant-based-foods-and-beverages
COURGETTES CUISIN√âES √Ä LA PROVEN√áALE;en:plant-based-foods-and-beverages
GREEN LENTILS IN WATER;en:plant-based-foods-and-beverages
BUTTERBEANS IN WATER;en:plant-based-foods-and-beverages
CHOPPED TOMATOES;en:plant-based-foods-and-beverages
CHOPPED GARLIC;en:plant-based-foods-and-beverages
HARICOTS VERTS 100G ENVIRON 25 CAL;en:plant-based-foods-and-beverages
SONNENMAIS;en:plant-based-foods-and-beverages
CHUCRUT AL ESTILO B√ÅVARO;en:plant-based-foods-and-beverages
SMALL CHUNK PICKLE;en:plant-based-foods-and-beverages
ITALIAN CHOPPED TOMATOES IN TOMATO JUICE;en:plant-based-foods-and-beverages
BATCHELORS : MUSHY ORIGINAL;en:plant-based-foods-and-beverages
–ö–ò–°–ï–õ–ò –ö–†–ê–°–¢–ê–í–ò–ß–ö–ò;en:plant-based-foods-and-beverages
MAILLE EXTRA FINE GURKEN;en:plant-based-foods-and-beverages
GESCH√ÑLTE TOMATEN;en:plant-based-foods-and-beverages
CHOPPED TOMATOES;en:plant-based-foods-and-beverages
CHUNKY CHOPPED TOMATOES;en:plant-based-foods-and-beverages
SALADE & COMPAGNIE MANHATTAN POULET ROTI;en:meals
MEAT FEAST PIZZA;en:meals
POULETüêî AU CURRY ET NOIX DE COCO ü••;en:condiments
COUSCOUS ORIENTAL L√âGUMES CUISIN√âS ET POULET √âMINC√â;en:meats-and-their-products
LE RAVIOLI PUR BOEUF;en:plant-based-foods-and-beverages
LE CASSOULET MITONN√â;en:canned-foods
RAVIOLI PUR B≈íUF  SANS COLORANT NI CONSERVATEUR;en:plant-based-foods-and-beverages
LE CASSOULET MITONN√â;en:canned-foods
RISOTTO POULET & C√àPES, CR√àME FRA√éCHE, PETITS OIGNONS;en:meats-and-their-products
PAUPIETTE DE VEAU JARDINI√àRE DE L√âGUMES;en:meats-and-their-products
DOLCE PIZZA PROSCIUTTO;en:meals
PENNE AU POULET ET AU PESTO;en:meals
LE CHILI CON CARNE ET SON RIZ BLANC;en:meats-and-their-products
LA MOUSSAKA BOEUF & AUBERGINES AVEC UNE TOUCHE DE MENTHE DOUCE;en:meats-and-their-products
HACHIS PARMENTIER EMMENTAL;en:meats-and-their-products
MACARONI SAUCE TOMATE ET BOULETTES AU B≈íUF;en:meals
EMINC√âS DE BOEUF SAUCE POIVRE & POMMES DE TERRE;en:plant-based-foods-and-beverages
LE FILET DE POULET ET SES POMMES DE TERRE √Ä LA SARLADAISE;en:meats-and-their-products
PA√ãLLA ROYALE AUX PETITES GAMBAS ET AU SAFRAN;en:seafood
LA TAJINE DE BOEUF ET SES L√âGUMES DU SOLEIL;en:meats-and-their-products
GER√ñSTETE MANDEL OHNE ZUCKER;en:beverages-and-beverages-preparations
OHNE ZUCKER HAFER;en:beverages-and-beverages-preparations
OAT DRINK BARISTA EDITION;en:beverages-and-beverages-preparations
GER√ñSTETE MANDEL;en:beverages-and-beverages-preparations
OAT;en:beverages-and-beverages-preparations
VANILLE AU SOJA;en:plant-based-foods-and-beverages
BIO-ALMOND-MANDELMILCH;en:beverages-and-beverages-preparations
BJORG AMANDE ALMOND SANS SUGRES- NO SUGAR;en:plant-based-foods-and-beverages
D√âLICIEUSE & TROPICAL COCO;en:beverages-and-beverages-preparations
NATUR MIT KOKOSNUSS;en:plant-based-foods-and-beverages
NATURAL COCONUT YOG;en:plant-based-foods-and-beverages
HAFER BARISTA EDITION;en:beverages-and-beverages-preparations
FERMENTIERTES SOJAPRODUKT, UNGES√úSST;en:plant-based-foods-and-beverages
OHNE ZUCKERZUSATZ* MANGO;en:plant-based-foods-and-beverages
ALPRO HAFERDRINK, UNGES√úSST 1 L, FRESH;en:beverages-and-beverages-preparations
BARISTA HAFER;en:beverages-and-beverages-preparations
THE ORIGINAL ORGANIC OAT DRINK IMP;en:plant-based-foods-and-beverages
SOYAMILCH;en:beverages-and-beverages-preparations
AVOINE - BOISSON BIOLOGIQUE;en:plant-based-foods-and-beverages
OAT DRINK WHOLE;en:beverages-and-beverages-preparations
OVOMALTINE - VITAMIN & MINERAL BARS, 5 CT 100G (3.5OZ);en:beverages
WAFER SANDWICH;en:beverages-and-beverages-preparations
LIVE ROSTOY;en:beverages-and-beverages-preparations
PR√âPARATION DE FRUITS CL√âMENTINES ET ORANGES DE CORSE;en:beverages-and-beverages-preparations
REAL TESORO CREAM;en:beverages-and-beverages-preparations
RESERVE MALBEC;en:beverages-and-beverages-preparations
MARTINI ROSSO;en:beverages-and-beverages-preparations
CAMPO VIEJO RIOJA;en:beverages-and-beverages-preparations
VIN BLANC SEC;en:beverages
VINAIGRE DE VIN BLANC AROMATIS√â NOIX;en:beverages
JAM SHED SHIRAZ;en:beverages-and-beverages-preparations
RED BLEND FROM AUSTRALIA;en:beverages
VIN;en:beverages
MATEUS ROS√â ORIGINAL;en:beverages-and-beverages-preparations
PRIMITIVO ROTWEIN;en:beverages-and-beverages-preparations
ADAMA;en:beverages
COMTE;en:beverages-and-beverages-preparations
GREEN TEA;en:beverages-and-beverages-preparations
41022;en:beverages-and-beverages-preparations
ÿ¥ÿßŸä ÿßŸÑŸÜÿ≥ŸÖÿ©;en:beverages-and-beverages-preparations
PET 1.2L MAYTEA MENTHE;en:beverages-and-beverages-preparations
APPLE & RAISIN OAT BAR;en:beverages-and-beverages-preparations
TH√â;en:plant-based-foods-and-beverages
GUNPOWDER TH√â VERT NATURE;en:beverages-and-beverages-preparations
YELLOW LABEL;en:beverages-and-beverages-preparations
THE VERT DE CHINE;en:beverages-and-beverages-preparations
EL BELLAR THE BEST SELLING MOROCCAN GREEN TEA 200G;en:plant-based-foods-and-beverages
TH√â EARL GREY;en:beverages-and-beverages-preparations
PEACH ICE TEA;en:plant-based-foods-and-beverages
AL AMBAR TH√â VERT EN GRAINS;en:beverages-and-beverages-preparations
TH√â VERT GLAC√â SAVEUR CITRON VERT & MENTHE;en:plant-based-foods-and-beverages
TH√â VERT MENTHE INTENSE MENTHE VERTE & MENTHE POIVR√âE;en:beverages-and-beverages-preparations
TH√â VERT;en:plant-based-foods-and-beverages
INFUSION √Ä FROID DETOX CRANBERRY FRAMBOISE HIBISCUS;en:beverages-and-beverages-preparations