Produit;Catégorie
POMME GOLDEN 1KG;Fruits & Légumes
COCA COLA 15L;Boissons
SHAMPOING DOP 250ML;Hygiène
BANANE 1KG;Fruits & Légumes
ORANGE JUS 1L;Boissons
DENTIFRICE SIGNAL;Hygiène
THON ALBACORE; Poisson & Fruits de mer
FIL SARD CITRO; Poisson & Fruits de mer       
FLT SARDINHLE; Poisson & Fruits de mer                    
150G PECOL CHO LT;Épicerie sucrée                  
192G MALTESERS P;Épicerie sucrée     
SAUCE TARTARE;Épicerie salée          
BROWNCHOCNO;Épicerie sucrée         
KETCHUP CARRE;Épicerie salée          
500G TA BASMATI 01;Épicerie salée     
AVOCAT PIECE; Fruits & Légumes                       
BANANE CRF BIO REMISE; Fruits & Légumes 
BF ENTRECOTE; Viandes & Charcuterie     
BF FAUX FILET; Viandes & Charcuterie   
BOC37CL OLIVE VRT;Épicerie salée      
CHAMPIGNONS BLANC; Fruits & Légumes      
CITRON VERT PIECE; Fruits & Légumes                  
COMTE RAPE ENTRHT; Produits laitiers      
CONCOMBRE PIECE; Fruits & Légumes                   
EDAM PX ROND; Produits laitiers            
FILET POULET BLANC; Viandes & Charcuterie    
FLT MERLAN; Poisson & Fruits de mer             
FLTS DE MAQ VB CIT; Poisson & Fruits de mer    
NECTARINE SIMPL 1K; Fruits & Légumes             
OY 400G SCE BASILI;Épicerie salée     
SACSPOUBELLE NOIR; Entretien / Ménage      
TARTE CITRON MERINGUEE; Boulangerie & Pâtisserie
FILET DE LIEU; Poisson & Fruits de mer
PETIT PAIN CLASSIQUE; Boulangerie & Pâtisserie
AIGUILLETTES DE POULET; Viandes & Charcuterie 
SAUCE 3 FROMAGES;Épicerie salée
ILE FLOTTANTE GOURMANDE; Produits laitiers 
RADIS ROSE BOTTE; Fruits & Légumes
AUCHAN BEUR TENDR PLAT; Produits laitiers
TOMATES RONDE EN GRAPPE; Fruits & Légumes 
PAIN DE MIE NATURE 280; Boulangerie & Pâtisserie
CONCOMBRE PIECE; Fruits & Légumes
M T BRIOCHE GACHE PURB 40; Boulangerie & Pâtisserie
JOCKEY NATURE 3 8X90G; Produits laitiers
DANONE NATURE 4X125G; Produits laitiers
BROSSARD SAVANE POCKET CAC; Épicerie sucrée
BANANE CAVENDISH VRAC PREM; Fruits & Légumes 
CAHIER PASSEPORT PRIMAIRE; Maison & Loisirs
NETTCUISSDB 5EN1 CIF P750ML; Entretien / Ménage  
LOR ESPRESSPLENDENTE CAPX20; Épicerie sucrée       
CREME VANILLE MONT BLANC 576G; Épicerie sucrée       
CONFCERISES NOIRES MAMAN 370G; Épicerie sucrée      
SIROP FRAISE U BIDON 75CL; Boissons           
PUR JUS ORANGE U LL; Boissons                 
COCA COLA PET 50CL; Boissons                  
SALVETAT CITRON MEDITERR1L; Boissons       
COEUR LAITUE U 200G; Fruits & Légumes                 
FRITES U SACHET KG; Surgelés                  
LA BAGUETTE TRADITION; Boulangerie & Pâtisserie               
CUISSE DE LAPIN; Viandes & Charcuterie
NOIX DE VEAU A ESCALOPE; Viandes & Charcuterie                      
MOUSSE PUR CANARD 1 TRANCHE PE; Viandes & Charcuterie      
COMTE AOP 18MS I MINUSAV; Produits laitiers     
FILET DE POULET XXL; Viandes & Charcuterie  
NOIX SECHES; Fruits & Légumes
POMMES DE TERRE 15 KG; Fruits & Légumes
ENDIVE; Fruits & Légumes 
CHUPA CHUPS THE BEST OF ST192G; Épicerie sucrée 
BAGUETTE MILLAVOISE 6 GRAINES; Boulangerie & Pâtisserie
BISCOTTE AU BLE COMPLET U 300G; Épicerie sucrée
ESSUIETT BLC XXL OKAY X2 RLX; Entretien / Ménage
LIQVSLMNS AMANDARBVT 500 ML; Entretien / Ménage
EAU JAVEL TRADITLACROIX 15L; Entretien / Ménage
MOUCHORIGINAL KLEENEX MINIX15; Entretien / Ménage
PATE A TARTE FEUILLETEE U 230G; Épicerie sucrée
FLT LIMANDNORD MEUNIERU 200G; Poisson & Fruits de mer
PAVES DE PORC; Viandes & Charcuterie  
GALETTES SARRASIN U BIOX4 200G; Boulangerie & Pâtisserie
JBON SUPAC VPF U 4TR; Viandes & Charcuterie
PDT RISSOLEES U BIO ST 600G; Fruits & Légumes
BAD SOIN CLASMED42MM SIGNAL; Hygiène
TELEMAGAZINE; Maison & Loisirs
CUISINE PLT JNE DEJOINTEE U X2; Surgelés
DOLCE PIZZA CAMPANSODEBO 380G; Surgelés
ENDIVE X4; Fruits & Légumes
BOULETTES AU BOEUF VANILLA; Viandes & Charcuterie
VIANDE HACHEE 350G; Viandes & Charcuterie
LAIT DEMIECREME; Produits laitiers
NETTOYANT JAUNE; Entretien / Ménage
CONCOMBRE; Fruits & Légumes
TORTILLA WRAPS XXL; Épicerie sucrée
PAVE RUSTIQUE; Boulangerie & Pâtisserie
ROQUEFORT PAVILLON TRANCHE; Produits laitiers 
COMTE AOC 4 A 6 MOIS; Produits laitiers 
SAUCISSON DOMAINE MEZENC 2; Viandes & Charcuterie
BAVETTE DALOYAU X 1; Viandes & Charcuterie
NOIX QUASI ESCALOPE X1; Viandes & Charcuterie
KRITSEN SAUMON FUME NORVEG; Poisson & Fruits de mer
ESCALOPE DE DINDE LOUE X2; Viandes & Charcuterie
ROTTI DE DINDE LOUE X2; Viandes & Charcuterie 
FLEURY JBON LE SUP SC 4TR; Viandes & Charcuterie
GOUDALE ANCIEN; Produits laitiers
CAROTTES PAYSAN; Fruits & Légumes
POMME DE TERRE BLANCHE; Fruits & Légumes 
BISCUITS SUCRES;Épicerie sucrée
PRALINET CARAMEL NOISETTES;Épicerie sucrée
BISCUITS SANS G DN COCO;Épicerie sucrée
LIPTON ICE TEA PECHE;Boissons
LIMONADE CITRON CRISTAL;Boissons
COMPOTE POMME NATURE;Épicerie sucrée
COMPOTE FRAISE BANANE;Épicerie sucrée
COMPOTE POMME BANANE;Épicerie sucrée
EAU MINERALE ELIVEA PET;Boissons
EAU MINERALE ELIVEA 6X15L;Boissons
EQUILIBRE REUTILIZABLE;Maison & Loisirs
PILE DURACELL 10X;Maison & Loisirs
FROMAGE DE CARACTERE 26;Produits laitiers
FILET 3 POIVRONS;Fruits & Légumes
LAIT ECREME;Produits laitiers
LAIT FRAIS ENTIER;Produits laitiers
LEGUMES;Fruits & Légumes
COURGETTE FILET;Fruits & Légumes
POTIRON TRICOLORE CHX;Fruits & Légumes
COURGETTE FILET KG;Fruits & Légumes
UFS P1 CRL MIXTE;Produits laitiers
UFS X12 M HARAS;Produits laitiers
PAIN PRE LES 3;Boulangerie & Pâtisserie
PAPIER TOILETTE COMPACT;Entretien / Ménage
BILLES CEREALES;Épicerie sucrée
BROCOLIS SNACKS;Surgelés
SAUCISSE FUMEE X;Viandes & Charcuterie
CHIPS VANILLE CHOCOLAT;Épicerie sucrée
ULTRA FRAIS YAOURT NATURE;Produits laitiers
DESSERT FRUIT POMME;Produits laitiers
FOND CHOCOLAT LAIT;Épicerie sucrée
MOUSSE CHOCOLAT LAIT;Produits laitiers
VOLAILLE STANDARD;Viandes & Charcuterie
CUISSE PLT BBQ;Viandes & Charcuterie
POMME MANUALLY;Fruits & Légumes
PAIN AU CHOCOLAT;Boulangerie & Pâtisserie
TABOULE POULET;Épicerie salée
TERRINE DE CAMPAGNE;Viandes & Charcuterie
JAMBON FORET NOIRE;Viandes & Charcuterie
SAUCISSES DE TOULOUSE;Viandes & Charcuterie
CHIPS BARBECUE;Épicerie salée
LEGUMES ART 040706;Fruits & Légumes
CROQUE MONSIEUR X2;Épicerie salée
PETIT POT DE CREME;Produits laitiers
MOUSSE CHOCO NOIR;Produits laitiers
POCHON NOIR SUP;Maison & Loisirs
TWIX COOKIES AND CREAM;Épicerie sucrée
SALADE POULET TEX MEX;Épicerie salée
BURGER GRATINE;Épicerie salée
DGT MIX ESTANDON TER;Boissons
DGT VIN MIX ROSE;Boissons
ICE TEA THE VERT;Boissons
BARRES CARAMEL;Épicerie sucrée
CONCOMBRE;Fruits & Légumes
PATATE DOUCE;Fruits & Légumes
CAKE AUX POMMES FRAIS;Boulangerie & Pâtisserie
BARILLA SAUCE PEST;Épicerie salée
PANZANI PATES FANT;Épicerie salée
AUC TAVOLA ITAL;Undefined
GAULOIS CORDON BLE;Viandes & Charcuterie
CONES RHUM RAISINS 6;Surgelés
PDT PDP VAPEUR SAUTEE 2KG FILIE;Surgelés
CHIPOLATAS AUX HERBES;Viandes & Charcuterie
COTES MEXICAINESEPICES;Viandes & Charcuterie
AILES DE POULET MEXICAINE;Viandes & Charcuterie
X 4 SACH RIZ LG ETUV CUISS RAPI;Épicerie salée
EAU CRISTALINE 615L;Boissons
1664 MURE MYRTILLE;Boissons
PASTEQUE SANS PEPIN;Fruits & Légumes
TOMATE CERISE;Fruits & Légumes
RAISIN BLANC VRAC;Fruits & Légumes
COURGETTE VRAC;Fruits & Légumes
OIGNON ROUGE;Fruits & Légumes
EAU MINERALE NATURELLE;Boissons
POMME DE TERRE 25KG;Fruits & Légumes
POMME DE TERRE GRENAILLE;Fruits & Légumes
AIL;Fruits & Légumes
SAUCISSE SECHE NOISETTES;Viandes & Charcuterie
CONCOMBRE;Fruits & Légumes
SUCRINE;Fruits & Légumes
MACHE;Fruits & Légumes
ABRICOTS;Fruits & Légumes
TOMATE RONDE GRAPPE;Fruits & Légumes
ENDIVE SACHET;Fruits & Légumes
OIGNON BOTTE;Fruits & Légumes
NECTARINE VRAC;Fruits & Légumes
MOULES DE BOUCHOT;Poisson & Fruits de mer
FILET DE CANARD;Viandes & Charcuterie
CIBOULETTE;Fruits & Légumes
MINI MOZZARELLA;Produits laitiers
DES DE FROMAGE ASSORTIMENT HERBES;Produits laitiers
QUART DE MAROILLES;Produits laitiers
CUR DE LION COULOMMIERS;Produits laitiers
EMMENTAL FRANCAIS;Produits laitiers
TRANCHES DE FROMAGE;Produits laitiers
YAOURT A LA GRECQUE;Produits laitiers
TOMME DE MONTAGNE;Produits laitiers
ST MORET NATURE;Produits laitiers
FETA GRECQUE AOP;Produits laitiers
PATE BRISEE;Épicerie salée
CAFE ESPRESSO;Boissons
CRISTALINE;Boissons
AVOCAT;Fruits & Légumes
POIVRON MIX;Fruits & Légumes
GLACE A LAMANDE XXL;Surgelés
CHAMPIGNON BLANC;Fruits & Légumes
BROCHETTES CHOCOLAT;Épicerie sucrée
POMME DE TERRE;Fruits & Légumes
COURGETTE;Fruits & Légumes
THON ALBACORE ENTIER;Poisson & Fruits de mer
LUSTROR GAP;Undefined
HERBES AROMATIQUES;Fruits & Légumes
MOULE CHOCOLAT;Maison & Loisirs
FROMAGE BLANC NATURE;Produits laitiers
ICE TEA PECHE LIPTON;Boissons
FONDANT CHOCOLAT X10;Épicerie sucrée
PARISCEREAL BARRES;Épicerie sucrée
EMMENTAL RAPE;Produits laitiers
YAOURTS VANILLEFRAISE;Produits laitiers
YAOURTS AUX FRUITS;Produits laitiers
PAIN BOULOT 500G;Boulangerie & Pâtisserie
DOUCEUR BREBIS VANILLE;Produits laitiers
MOELLEUX EXTREME;Boulangerie & Pâtisserie
POELEE DE TRUITE;Poisson & Fruits de mer
PAVE DE SAUMON AVEC PEAU;Poisson & Fruits de mer
PAVE DE SAUMON FUME;Poisson & Fruits de mer
PAVE DE SAUMON;Poisson & Fruits de mer
DELICES DE SAUMON;Poisson & Fruits de mer
FILET FUME PER;Poisson & Fruits de mer